word1,word2
airworthy,unairworthy
anal,oral
structured,unstructured
curious,incurious
clean,dirty
spontaneous,induced
reconstructed,unreconstructed
monolingual,multilingual
persistent,caducous
sure,unsure
advantageous,disadvantageous
unidimensional,multidimensional
trustful,distrustful
viviparous,oviparous
linear,planar
limbed,limbless
table_d'hote,a_la_carte
rich,lean
distant,close
constitutional,unconstitutional
accordant,discordant
anemophilous,entomophilous
white-collar,blue-collar
regretful,unregretful
natural,artificial
sufficient,insufficient
anodic,cathodic
compact,loose
ultimate,proximate
confident,diffident
efficacious,inefficacious
autologous,homologous
capable,incapable
packaged,unpackaged
strange,familiar
forward,reverse
standing,seated
molar,molecular
endogenous,exogenous
up,down
adjusted,maladjusted
active,stative
bimodal,unimodal
national,local
seductive,unseductive
diplomatic,undiplomatic
sincere,insincere
instructive,uninstructive
powered,unpowered
invasive,noninvasive
specified,unspecified
reverberant,unreverberant
employable,unemployable
marked,unmarked
alienable,inalienable
carved,uncarved
allogeneic,xenogeneic
addictive,nonaddictive
prenuptial,postnuptial
bisexual,heterosexual
tall,short
coastal,inland
precise,imprecise
staged,unstaged
toned,toneless
differentiated,undifferentiated
humane,inhumane
gaseous,solid
clockwise,counterclockwise
professional,nonprofessional
straight,crooked
febrile,afebrile
eligible,ineligible
organic,inorganic
extinguishable,inextinguishable
concentric,eccentric
endowed,unendowed
increasing,decreasing
breakable,unbreakable
prophetic,unprophetic
frozen,unfrozen
bipedal,quadrupedal
uniform,multiform
chondritic,achondritic
erect,unerect
fashionable,unfashionable
placable,implacable
increased,decreased
soled,soleless
anti-American,pro-American
dependable,undependable
well-advised,ill-advised
insectivorous,carnivorous
delineated,undelineated
contracted,expanded
scalable,unscalable
climactic,anticlimactic
oriented,unoriented
connected,unconnected
national,international
taxable,nontaxable
gnostic,agnostic
potent,impotent
geocentric,heliocentric
malted,unmalted
dysgenic,eugenic
end-stopped,run-on
atrophied,hypertrophied
exterior,interior
reverent,irreverent
playful,unplayful
heterogeneous,homogeneous
varied,unvaried
estimable,contemptible
particulate,nonparticulate
anonymous,onymous
tucked,untucked
statesmanlike,unstatesmanlike
provocative,unprovocative
sent,unsent
leavened,unleavened
positive,negative
outer,inner
intrusive,unintrusive
diluted,undiluted
paved,unpaved
most,least
present,absent
abaxial,adaxial
soured,unsoured
prewar,postwar
actable,unactable
clear,cloudy
employed,unemployed
determined,undetermined
alive,dead
discriminating,undiscriminating
artful,artless
eradicable,ineradicable
repetitive,nonrepetitive
anabatic,katabatic
conscientious,unconscientious
expected,unexpected
superhuman,subhuman
beautiful,ugly
discreet,indiscreet
good,evil
friendly,hostile
declarative,interrogative
primary,secondary
reasonable,unreasonable
inheritable,noninheritable
loud,soft
polyploid,haploid
oviparous,ovoviviparous
humorous,humorless
honest,dishonest
myelinated,unmyelinated
high,low
interdepartmental,intradepartmental
requested,unrequested
wifely,husbandly
rigid,nonrigid
modulated,unmodulated
malicious,unmalicious
polite,impolite
moving,unmoving
gabled,hipped
oiled,unoiled
surprising,unsurprising
sensational,unsensational
sophisticated,naive
sessile,pedunculate
enlightening,unenlightening
equivocal,unequivocal
similar,dissimilar
liked,disliked
alkaline,amphoteric
classical,nonclassical
distal,mesial
sessile,vagile
lighted,unlighted
priestly,unpriestly
loyal,disloyal
finite,infinite
prehensile,nonprehensile
trained,untrained
straight,curved
center,right
necked,neckless
amphibious,aquatic
obstructed,unobstructed
extracellular,intracellular
crannied,uncrannied
essential,inessential
married,unmarried
educated,uneducated
sacred,profane
safe,out
spherical,nonspherical
bedded,bedless
on,off
accompanied,unaccompanied
contented,discontented
aware,unaware
parallel,perpendicular
revived,unrevived
shockable,unshockable
outward,inward
depressant,stimulative
prenatal,perinatal
comfortable,uncomfortable
satiate,insatiate
local,general
supported,unsupported
acceptive,rejective
afloat,aground
bottom,side
planar,cubic
gracious,ungracious
one-piece,two-piece
inclined,disinclined
safe,dangerous
due,undue
discriminate,indiscriminate
privileged,underprivileged
rounded,angular
possible,impossible
responsive,unresponsive
assisted,unassisted
pious,impious
amended,unamended
immanent,transeunt
permeable,impermeable
breast-fed,bottle-fed
committed,uncommitted
datable,undatable
foreign,native
favorable,unfavorable
headed,headless
artesian,subartesian
attachable,detachable
generous,stingy
stubborn,docile
aphrodisiac,anaphrodisiac
flexible,inflexible
appealing,unappealing
appealable,unappealable
trustworthy,untrustworthy
nascent,dying
kind,unkind
equal,unequal
finished,unfinished
conspicuous,inconspicuous
domineering,submissive
regular,irregular
blemished,unblemished
stressed,unstressed
collected,uncollected
antemortem,postmortem
careful,careless
timbered,untimbered
petalous,apetalous
publicized,suppressed
repentant,unrepentant
representational,nonrepresentational
elastic,inelastic
natural,supernatural
utopian,dystopian
impressionable,unimpressionable
intoxicated,sober
confined,unconfined
binucleate,trinucleate
tame,wild
sized,unsized
identifiable,unidentifiable
topped,topless
intrinsic,extrinsic
breathing,breathless
supersonic,sonic
expansive,unexpansive
rewarding,unrewarding
midi,maxi
lubricated,unlubricated
tubed,tubeless
cousinly,uncousinly
open,closed
hardhearted,softhearted
sugary,sugarless
exploratory,nonexploratory
paradigmatic,syntagmatic
furrowed,unfurrowed
decisive,indecisive
heavy,light
homologous,analogous
polished,unpolished
active,passive
virulent,avirulent
weedy,weedless
waxing,waning
absorbable,adsorbable
spinous,spineless
footed,footless
hydrophobic,hydrophilic
sane,insane
lost,saved
retractile,nonretractile
convergent,divergent
attractive,repulsive
bibbed,bibless
old,young
adscript,superscript
vocal,instrumental
ruminant,nonruminant
correct,incorrect
lineal,collateral
trinucleate,mononuclear
additive,subtractive
beaked,beakless
excitable,unexcitable
sarcastic,unsarcastic
lost,won
membered,memberless
overt,covert
partisan,nonpartisan
supportive,unsupportive
playable,unplayable
cenobitic,eremitic
right,left
civil,uncivil
chlamydeous,achlamydeous
predictable,unpredictable
normal,abnormal
critical,noncritical
igneous,aqueous
ferned,fernless
waxed,unwaxed
shaded,unshaded
strong,weak
fretted,unfretted
organized,disorganized
expedient,inexpedient
forehand,backhand
awakened,unawakened
dejected,elated
middle,late
reassuring,unreassuring
passable,impassable
operational,nonoperational
prospective,retrospective
restful,restless
even,odd
major,minor
lotic,lentic
analogue,digital
alike,unalike
fraternal,identical
frequent,infrequent
epidemic,endemic
well,ill
plus,minus
politic,impolitic
round,square
handmade,machine-made
functional,nonfunctional
autoecious,heteroecious
deniable,undeniable
powerful,powerless
aesthetic,inaesthetic
common,individual
veiled,unveiled
heterodactyl,zygodactyl
conductive,nonconductive
significant,insignificant
sharp,flat
robust,frail
synchronous,asynchronous
costive,laxative
enthusiastic,unenthusiastic
perceptive,unperceptive
inflationary,deflationary
abridged,unabridged
sighted,blind
warmhearted,coldhearted
lossy,lossless
representative,nonrepresentative
selfish,unselfish
useful,useless
sweet,sour
heedless,heedful
anabolic,catabolic
provident,improvident
empirical,theoretical
exhausted,unexhausted
opposite,alternate
disposable,nondisposable
present,future
beneficent,maleficent
bodied,unbodied
dispensable,indispensable
open,shut
injured,uninjured
merited,unmerited
spoken,written
motivated,unmotivated
fore,aft
insured,uninsured
wholesome,unwholesome
coiled,uncoiled
mesic,xeric
inflected,uninflected
grateful,ungrateful
more,less
pyretic,antipyretic
measurable,immeasurable
optimistic,pessimistic
normal,paranormal
filled,unfilled
quantitative,syllabic
tangled,untangled
noble,ignoble
light,dark
custom-made,ready-made
seamed,seamless
permissive,preventive
gradual,sudden
awake,asleep
sworn,unsworn
receptive,unreceptive
centralized,decentralized
adoptable,unadoptable
gregarious,ungregarious
invigorating,debilitating
noticeable,unnoticeable
subsonic,supersonic
curtained,curtainless
coarse,fine
horned,hornless
noble,lowborn
wrapped,unwrapped
modest,immodest
categorematic,syncategorematic
bicameral,unicameral
resentful,unresentful
corrigible,incorrigible
same,different
interspecies,intraspecies
male,female
enchanted,disenchanted
perennial,annual
piano,forte
active,quiet
objective,subjective
ventilated,unventilated
air-to-surface,air-to-air
branded,unbranded
precocious,retarded
commissioned,noncommissioned
single-lane,multilane
covered,bare
refined,unrefined
talented,untalented
attributive,predicative
introversive,extroversive
ametropic,emmetropic
suspected,unsuspected
high-resolution,low-resolution
heterosexual,homosexual
resolute,irresolute
detected,undetected
mini,midi
hydrous,anhydrous
paintable,unpaintable
reticulate,nonreticulate
offensive,inoffensive
convenient,inconvenient
damaged,undamaged
mindful,unmindful
passionate,passionless
bright,dull
haploid,diploid
linear,nonlinear
right,wrong
tonal,atonal
old,new
baptized,unbaptized
federal,unitary
variable,invariable
traveled,untraveled
vascular,avascular
high-rise,low-rise
rhythmical,unrhythmical
accommodating,unaccommodating
regenerate,unregenerate
immunocompetent,immunodeficient
seedy,seedless
air-to-air,surface-to-air
felicitous,infelicitous
anastigmatic,astigmatic
hypotonic,isotonic
stable,unstable
upstage,downstage
ipsilateral,contralateral
tough,tender
fit,unfit
monotheistic,polytheistic
black,white
demonstrative,undemonstrative
colourful,colourless
loved,unloved
bold,timid
pointed,pointless
hypercatalectic,acatalectic
rh-positive,rh-negative
loaded,unloaded
dominant,subordinate
uniparous,multiparous
cholinergic,anticholinergic
general,specific
plain,patterned
smooth,rough
conditioned,unconditioned
industrial,nonindustrial
certain,uncertain
institutional,noninstitutional
active,dormant
mobile,immobile
just,unjust
vulnerable,invulnerable
continent,incontinent
harmonic,nonharmonic
concave,convex
whole,half
shod,unshod
adorned,unadorned
decorous,indecorous
crystallized,uncrystallized
solid,hollow
enforceable,unenforceable
caudal,cephalic
inviting,uninviting
physical,mental
belted,unbelted
nidicolous,nidifugous
fastened,unfastened
reducible,irreducible
expired,unexpired
go,no-go
warm,cool
lipped,lipless
compressible,incompressible
intrusive,protrusive
upper-class,lower-class
two-piece,three-piece
vocalic,consonantal
cooked,raw
juicy,juiceless
fissionable,nonfissionable
carvel-built,clinker-built
off-street,on-street
fruitful,unfruitful
bearing,nonbearing
cacophonous,euphonious
fathomable,unfathomable
functional,organic
antrorse,retrorse
principled,unprincipled
binaural,monaural
radiolucent,radiopaque
encumbered,unencumbered
complimentary,uncomplimentary
balanced,unbalanced
valid,invalid
reliable,unreliable
moving,still
corrected,uncorrected
legal,illegal
lawful,unlawful
flat,natural
herbivorous,omnivorous
same,other
castrated,uncastrated
blended,unblended
crowned,uncrowned
tuneful,tuneless
taciturn,voluble
univalent,bivalent
steady,unsteady
burdened,unburdened
armed,armless
rhetorical,unrhetorical
moral,immoral
wrinkled,unwrinkled
gathered,ungathered
intended,unintended
integrated,segregated
inaugural,exaugural
laced,unlaced
aerobic,anaerobic
enfranchised,disenfranchised
home,away
convinced,unconvinced
contaminated,uncontaminated
actinal,abactinal
singular,plural
stuck,unstuck
sectarian,nonsectarian
stimulating,unstimulating
sonic,subsonic
eyed,eyeless
steroidal,nonsteroidal
nontranslational,translational
inhibited,uninhibited
fastidious,unfastidious
mild,intense
ponderable,imponderable
revolutionary,counterrevolutionary
suppurative,nonsuppurative
medical,surgical
afferent,efferent
worldly,unworldly
combinative,noncombinative
crowded,uncrowded
transitive,intransitive
anterior,posterior
introspective,extrospective
guided,unguided
impaired,unimpaired
anticlinal,synclinal
attached,unattached
homosexual,bisexual
characteristic,uncharacteristic
more,fewer
maximal,minimal
apocarpous,syncarpous
deep,shallow
visible,invisible
wet,dry
attached,detached
descriptive,prescriptive
thermal,nonthermal
feminine,neuter
capitalistic,socialistic
human,nonhuman
mononuclear,binucleate
awned,awnless
modern,nonmodern
obligate,facultative
prudent,imprudent
chromatic,achromatic
turned,unturned
energetic,lethargic
dicotyledonous,monocotyledonous
syllabic,nonsyllabic
preprandial,postprandial
sheared,unsheared
existent,nonexistent
thick,thin
all,some
scheduled,unscheduled
uptown,downtown
sexy,unsexy
equitable,inequitable
masculine,feminine
holistic,atomistic
caudate,acaudate
preventable,unpreventable
early,middle
color,black-and-white
leptorrhine,catarrhine
pro,anti
cenogenetic,palingenetic
genuine,counterfeit
original,unoriginal
declaratory,interrogatory
sparkling,still
influential,uninfluential
starry,starless
future,past
limited,unlimited
top-down,bottom-up
caulked,uncaulked
gradual,steep
continual,sporadic
tasteful,tasteless
deductible,nondeductible
inductive,deductive
labeled,unlabeled
sensitizing,desensitizing
extroversive,ambiversive
dominant,recessive
tolerable,intolerable
conquerable,unconquerable
responsible,irresponsible
divisible,indivisible
dramatic,undramatic
shuttered,unshuttered
scrupulous,unscrupulous
penetrable,impenetrable
clear,opaque
protective,unprotective
inflectional,derivational
dextral,sinistral
extant,extinct
hydric,mesic
hypertensive,hypotensive
autochthonous,allochthonous
vertical,inclined
ironed,unironed
expressible,inexpressible
violable,inviolable
well-defined,ill-defined
direct,alternating
adhesive,nonadhesive
developed,undeveloped
branchy,branchless
hardened,soft
no,all
homozygous,heterozygous
antemeridian,postmeridian
reversible,nonreversible
affirmative,negative
thermoplastic,thermosetting
military,unmilitary
beneficed,unbeneficed
causative,noncausative
available,unavailable
hypotensive,normotensive
moneyed,moneyless
idiographic,nomothetic
modified,unmodified
written,unwritten
isometric,isotonic
musical,unmusical
painted,unpainted
proactive,retroactive
traceable,untraceable
handled,handleless
starchy,starchless
consolable,inconsolable
operable,inoperable
high-tension,low-tension
upland,lowland
attentive,inattentive
savory,unsavory
even,uneven
acute,chronic
light-duty,heavy-duty
patient,impatient
financial,nonfinancial
seasonable,unseasonable
foreign,domestic
germfree,germy
inshore,offshore
competitive,noncompetitive
gusseted,ungusseted
explosive,nonexplosive
reciprocal,nonreciprocal
natural,unnatural
diligent,negligent
endogamous,exogamous
evergreen,deciduous
large,small
violent,nonviolent
lengthwise,crosswise
quotable,unquotable
defeated,undefeated
repeatable,unrepeatable
secular,religious
intramural,extramural
congruent,incongruent
exportable,unexportable
patriarchal,matriarchal
qualified,unqualified
entozoic,epizoic
plain,fancy
sensible,insensible
opposed,unopposed
free,unfree
matched,mismatched
distinguishable,indistinguishable
eager,uneager
flowering,flowerless
platyrrhine,catarrhine
scented,scentless
domestic,undomestic
peaceful,unpeaceful
tense,lax
relevant,irrelevant
familiar,unfamiliar
xeric,hydric
skinned,skinless
actual,potential
concealing,revealing
double,single
valuable,worthless
acropetal,basipetal
swept,unswept
cautious,incautious
side,top
isotonic,hypertonic
ashamed,unashamed
extinct,active
distal,proximal
proved,unproved
bound,unbound
explicable,inexplicable
articulated,unarticulated
livable,unlivable
informed,uninformed
occupied,unoccupied
brainwashed,unbrainwashed
zonal,azonal
hairless,hairy
private,public
alert,unalert
territorial,extraterritorial
dynamic,undynamic
inbred,outbred
live,recorded
upstairs,downstairs
experienced,inexperienced
hydrostatic,hydrokinetic
tanned,untanned
competent,incompetent
congruous,incongruous
considerable,inconsiderable
contestable,incontestable
keyed,keyless
most,fewest
top,bottom
sympathetic,unsympathetic
isotropic,anisotropic
appendaged,unappendaged
renewable,unrenewable
military,civilian
concise,prolix
courteous,discourteous
live,dead
retentive,unretentive
serious,frivolous
automatic,manual
wary,unwary
scripted,unscripted
known,unknown
thoughtful,thoughtless
confirmed,unconfirmed
assigned,unassigned
autotrophic,heterotrophic
tracked,trackless
astringent,nonastringent
saponified,unsaponified
echoic,nonechoic
orienting,disorienting
scientific,unscientific
appetizing,unappetizing
plowed,unplowed
first,second
sweet,dry
prognathous,opisthognathous
treated,untreated
washable,nonwashable
salaried,freelance
consecrated,desecrated
endoergic,exoergic
multiple-choice,true-false
central,peripheral
estrous,anestrous
portable,unportable
subordinate,insubordinate
simple,compound
late,early
exculpatory,inculpatory
nosed,noseless
qualitative,quantitative
orthodox,unorthodox
recoverable,unrecoverable
established,unestablished
stylish,styleless
reconcilable,irreconcilable
forgettable,unforgettable
placental,aplacental
hospitable,inhospitable
wanted,unwanted
discernible,indiscernible
reportable,unreportable
real,unreal
reproducible,unreproducible
credulous,incredulous
dignified,undignified
hypertonic,hypotonic
solid,liquid
absorbent,nonabsorbent
meaty,meatless
perceptible,imperceptible
surprised,unsurprised
glad,sad
sold,unsold
solved,unsolved
effortful,effortless
lucky,unlucky
maxi,mini
actinomorphic,zygomorphic
proud,humble
continuous,discontinuous
patronized,unpatronized
harmless,harmful
meaningful,meaningless
settled,unsettled
glazed,unglazed
maximum,minimum
understood,ununderstood
creative,uncreative
sensory,extrasensory
univalve,bivalve
fledged,unfledged
persuasive,dissuasive
anionic,cationic
grammatical,ungrammatical
civil,sidereal
sound,unsound
inhabited,uninhabited
mined,unmined
hard,soft
some,no
horizontal,vertical
offending,unoffending
back,front
planted,unplanted
random,nonrandom
north,south
pro-choice,pro-life
consistent,inconsistent
saddled,unsaddled
pretentious,unpretentious
warm-blooded,cold-blooded
ordered,disordered
testate,intestate
on-line,off-line
immediate,mediate
collapsible,noncollapsible
plausible,implausible
probable,improbable
popular,unpopular
processed,unprocessed
endocentric,exocentric
ostentatious,unostentatious
adnate,connate
linguistic,nonlinguistic
apologetic,unapologetic
excusable,inexcusable
passerine,nonpasserine
cosmopolitan,endemic
clearheaded,confused
single,multiple
reversible,irreversible
witting,unwitting
wheeled,wheelless
opening,closing
unipolar,bipolar
armed,unarmed
seasonal,year-round
homemade,factory-made
monoecious,dioecious
premeditated,unpremeditated
tolerant,intolerant
shared,unshared
fat,thin
psychoactive,nonpsychoactive
sympatric,allopatric
verbal,numerical
leafy,leafless
convertible,inconvertible
territorial,nonterritorial
native,adopted
double-breasted,single-breasted
faceted,unfaceted
accessible,inaccessible
benign,malign
manageable,unmanageable
monogamous,polygamous
antecedent,subsequent
generous,ungenerous
parented,unparented
acroscopic,basiscopic
abducent,adducent
healthful,unhealthful
comprehensive,noncomprehensive
holy,unholy
intermediate,terminal
synergistic,antagonistic
seaworthy,unseaworthy
temperate,intemperate
published,unpublished
contested,uncontested
questionable,unquestionable
extended,unextended
arenaceous,argillaceous
hatted,hatless
posed,unposed
balconied,unbalconied
clement,inclement
lovable,hateful
fast,slow
compartmented,uncompartmented
related,unrelated
pervious,impervious
direct,inverse
neuter,masculine
consummated,unconsummated
pleased,displeased
standard,nonstandard
bottomed,bottomless
monotonic,nonmonotonic
colored,uncolored
ordinary,extraordinary
nourished,malnourished
constructive,destructive
adjective,substantive
pregnant,nonpregnant
excited,unexcited
right-handed,left-handed
directional,omnidirectional
progressive,regressive
bony,boneless
sheathed,unsheathed
obvious,unobvious
literal,figurative
technical,nontechnical
compatible,incompatible
selected,unselected
serviceable,unserviceable
saturated,unsaturated
imitative,nonimitative
camphorated,uncamphorated
sinkable,unsinkable
ambiguous,unambiguous
preceding,succeeding
ready,unready
overhead,surface
perpendicular,oblique
effervescent,noneffervescent
smoky,smokeless
upmarket,downmarket
hierarchical,nonhierarchical
active,inactive
adventurous,unadventurous
melted,unmelted
important,unimportant
combined,uncombined
official,unofficial
helpful,unhelpful
rural,urban
jawed,jawless
wintry,vernal
concerned,unconcerned
ceilinged,floored
incoming,outgoing
perfect,imperfect
pleasant,unpleasant
fatty,nonfat
ovoviviparous,viviparous
punctual,unpunctual
majuscule,minuscule
successful,unsuccessful
cubic,linear
salable,unsalable
critical,uncritical
truthful,untruthful
prescription,nonprescription
far,near
noticed,unnoticed
shrinkable,unshrinkable
combed,uncombed
voiced,unvoiced
cross-eyed,walleyed
affected,unaffected
multivalent,univalent
specific,nonspecific
columned,noncolumned
orderly,disorderly
seamanlike,unseamanlike
syndetic,asyndetic
crossed,uncrossed
staccato,legato
groomed,ungroomed
iodinating,de-iodinating
crucial,noncrucial
commutable,incommutable
colorful,colorless
leaky,tight
desirable,undesirable
cursorial,fossorial
admissible,inadmissible
weaned,unweaned
involved,uninvolved
chromatinic,achromatinic
ionic,nonionic
moved,unmoved
native,nonnative
buried,unburied
cursed,blessed
constricted,unconstricted
publishable,unpublishable
controlled,uncontrolled
innocent,guilty
motorized,unmotorized
inquiring,uninquiring
designed,undesigned
analytic,synthetic
busy,idle
raised,lowered
reparable,irreparable
changed,unchanged
calm,stormy
ecdemic,endemic
hopeful,hopeless
democratic,undemocratic
many,few
cared-for,uncared-for
worthy,unworthy
acid-loving,alkaline-loving
calcicolous,calcifugous
diploid,polyploid
breasted,breastless
deaf,hearing
curable,incurable
conformist,nonconformist
numerate,innumerate
addressed,unaddressed
registered,unregistered
fixed,unfixed
algorithmic,heuristic
winged,wingless
welcome,unwelcome
summery,autumnal
hurried,unhurried
digestible,indigestible
real,nominal
edifying,unedifying
attractive,unattractive
discerning,undiscerning
mesomorphic,ectomorphic
natural,sharp
complaining,uncomplaining
penitent,impenitent
autogamous,endogamous
elegant,inelegant
pure,impure
magnetic,geographic
christian,unchristian
periodic,aperiodic
synchronic,diachronic
legitimate,illegitimate
resistible,irresistible
bordered,unbordered
sentient,insentient
equatorial,polar
willing,unwilling
eared,earless
geared,ungeared
accustomed,unaccustomed
acquisitive,unacquisitive
conjunctive,disjunctive
bridgeable,unbridgeable
mated,unmated
volatile,nonvolatile
accurate,inaccurate
presidential,unpresidential
spirited,spiritless
dorsal,ventral
northern,southern
intelligent,unintelligent
east,west
de_facto,de_jure
acknowledged,unacknowledged
punitive,rehabilitative
inboard,outboard
addicted,unaddicted
cosmopolitan,provincial
flattering,unflattering
cismontane,tramontane
fair,foul
pardonable,unpardonable
high-tech,low-tech
adulterating,purifying
likely,unlikely
obedient,disobedient
commodious,incommodious
drinkable,undrinkable
pronounceable,unpronounceable
invertible,non-invertible
civilized,noncivilized
upstream,downstream
difficult,easy
fatal,nonfatal
furnished,unfurnished
aquatic,terrestrial
big,little
external,internal
fresh,stale
tongued,tongueless
subsurface,overhead
broken,unbroken
typical,atypical
cut,uncut
cheerful,depressing
rimmed,rimless
offensive,defensive
agreeable,disagreeable
glorious,inglorious
aligned,nonaligned
reported,unreported
toed,toeless
prepared,unprepared
imperative,beseeching
carpellate,acarpelous
full,thin
acrocarpous,pleurocarpous
exploited,unexploited
manly,unmanly
digitigrade,plantigrade
lamented,unlamented
reflected,unreflected
revocable,irrevocable
explicit,implicit
optional,obligatory
demanding,undemanding
rising,falling
lined,unlined
lidded,lidless
susceptible,unsusceptible
controversial,uncontroversial
nice,nasty
outside,inside
omnivorous,insectivorous
productive,unproductive
audible,inaudible
handed,handless
long,short
female,androgynous
inspiring,uninspiring
unilateral,multilateral
three-piece,one-piece
partial,impartial
reflective,nonreflective
theoretical,applied
reactive,unreactive
apocrine,eccrine
commercial,noncommercial
cardinal,ordinal
exempt,nonexempt
listed,unlisted
metamorphic,nonmetamorphic
coated,uncoated
adroit,maladroit
bidirectional,unidirectional
anaclinal,cataclinal
centrifugal,centripetal
profitable,unprofitable
reputable,disreputable
left,center
profound,superficial
speaking,nonspeaking
convincing,unconvincing
determinable,indeterminable
comparable,incomparable
anatropous,amphitropous
noxious,innocuous
obtrusive,unobtrusive
lower-class,middle-class
prejudiced,unprejudiced
communicative,uncommunicative
removable,irremovable
harmonious,inharmonious
net,gross
forceful,forceless
extensile,nonextensile
inevitable,evitable
blond,brunet
organized,unorganized
brotherly,sisterly
dedicated,undedicated
graceful,awkward
slippery,nonslippery
touched,untouched
attributable,unattributable
direct,indirect
weighty,weightless
agitated,unagitated
emotional,unemotional
palatable,unpalatable
dependent,independent
ample,meager
left-handed,ambidextrous
salient,re-entrant
conventional,unconventional
alcoholic,nonalcoholic
better,worse
emotional,cerebral
inclined,horizontal
faithful,unfaithful
on-site,off-site
conservative,liberal
curly,straight
scholarly,unscholarly
potted,unpotted
leaded,unleaded
enabling,disabling
translatable,untranslatable
seeded,unseeded
carnivorous,herbivorous
loose,tight
conjunct,disjunct
continued,discontinued
realistic,unrealistic
ascending,descending
perinatal,postnatal
tasty,tasteless
negative,neutral
caulescent,acaulescent
backward,forward
wired,wireless
separate,joint
respectable,unrespectable
equipped,unequipped
destructible,indestructible
rhymed,unrhymed
clean,unclean
odorous,odorless
resident,nonresident
nearsighted,farsighted
fresh,preserved
satisfactory,unsatisfactory
wieldy,unwieldy
senior,junior
exergonic,endergonic
political,nonpolitical
lyric,dramatic
leading,following
euphoric,dysphoric
knowable,unknowable
autumnal,wintry
healthy,unhealthy
shapely,unshapely
restrictive,unrestrictive
abundant,scarce
tense,relaxed
friendly,unfriendly
pleasing,displeasing
edible,inedible
considerate,inconsiderate
magnetic,nonmagnetic
formed,unformed
angry,unangry
spatial,nonspatial
nuclear,conventional
exact,inexact
social,unsocial
paternal,maternal
extricable,inextricable
mature,immature
infectious,noninfectious
animate,inanimate
funded,unfunded
armored,unarmored
easy,uneasy
in_vitro,in_vivo
silenced,unsilenced
tractable,intractable
denotative,connotative
onside,offside
feathered,unfeathered
conscious,unconscious
photosynthetic,nonphotosynthetic
offstage,onstage
articulate,inarticulate
rifled,unrifled
diurnal,nocturnal
focused,unfocused
ribbed,ribless
purebred,crossbred
skilled,unskilled
integrated,nonintegrated
afraid,unafraid
uncompromising,compromising
trimmed,untrimmed
woody,nonwoody
pigeon-toed,splayfooted
absolute,relative
good-natured,ill-natured
awed,unawed
cleared,uncleared
exciting,unexciting
worn,new
residential,nonresidential
heterologous,analogous
altered,unaltered
adjusted,unadjusted
encouraging,discouraging
hostile,amicable
annual,biennial
shaven,unshaven
first,last
tempered,untempered
declared,undeclared
dull,sharp
cyclic,acyclic
personal,impersonal
toothed,toothless
chaste,unchaste
cellular,noncellular
advisable,inadvisable
returnable,nonreturnable
manned,unmanned
composed,discomposed
professional,unprofessional
subscript,adscript
respectful,disrespectful
homologous,heterologous
argumentative,unargumentative
auspicious,inauspicious
chromatic,diatonic
superior,inferior
modifiable,unmodifiable
intellectual,nonintellectual
webbed,unwebbed
amphoteric,acidic
low-interest,high-interest
solvent,insolvent
indulgent,nonindulgent
cyclic,noncyclic
religious,irreligious
expensive,cheap
studied,unstudied
decent,indecent
perishable,imperishable
broad-minded,narrow-minded
censored,uncensored
mutable,immutable
rigged,unrigged
tipped,untipped
metallic,nonmetallic
lowercase,uppercase
septic,antiseptic
eventful,uneventful
moderate,immoderate
esoteric,exoteric
fissile,nonfissile
elective,appointive
ambitious,unambitious
monovalent,polyvalent
injectable,uninjectable
shelled,unshelled
dry,phlegmy
porous,nonporous
direct,retrograde
synonymous,antonymous
voluntary,involuntary
brave,cowardly
happy,unhappy
rentable,unrentable
interested,uninterested
ambiversive,introversive
moving,nonmoving
ambidextrous,right-handed
tactful,tactless
opportune,inopportune
intrusive,extrusive
adsorbent,nonadsorbent
altricial,precocial
necessary,unnecessary
stemmed,stemless
compassionate,uncompassionate
punished,unpunished
endocrine,exocrine
propitious,unpropitious
documented,undocumented
traditional,nontraditional
legged,legless
chartered,unchartered
desirous,undesirous
surmountable,insurmountable
conclusive,inconclusive
secure,insecure
fueled,unfueled
joyous,joyless
dimmed,undimmed
standing,running
thrifty,wasteful
calced,discalced
planned,unplanned
adaptive,maladaptive
running,passing
combustible,noncombustible
single-barreled,double-barreled
light-footed,heavy-footed
biped,quadruped
buttoned,unbuttoned
rusted,rustless
leptosporangiate,eusporangiate
commensurate,incommensurate
biennial,perennial
grassy,grassless
postnatal,prenatal
complete,incomplete
merciful,merciless
restrained,unrestrained
forgiving,unforgiving
vertebrate,invertebrate
autogenous,heterogenous
logical,illogical
holozoic,holophytic
bloody,bloodless
rational,irrational
fortunate,unfortunate
leeward,windward
calculable,incalculable
accentual,quantitative
palpable,impalpable
collective,distributive
generative,consumptive
underhand,overhand
monochromatic,polychromatic
eucaryotic,procaryotic
ionized,nonionized
biological,adoptive
remediable,irremediable
mitigated,unmitigated
distinct,indistinct
interesting,uninteresting
metabolic,ametabolic
born,unborn
used,misused
liquid,gaseous
tangible,intangible
associative,nonassociative
bettering,worsening
institutionalized,noninstitutionalized
anadromous,catadromous
lively,dull
made,unmade
surface,subsurface
united,divided
enforced,unenforced
adaptable,unadaptable
tidy,untidy
nonproprietary,proprietary
usual,unusual
sadistic,masochistic
brachycephalic,dolichocephalic
adequate,inadequate
fertile,sterile
banded,unbanded
normotensive,hypertensive
heterologous,autologous
righteous,unrighteous
enlightened,unenlightened
sealed,unsealed
precedented,unprecedented
fictional,nonfictional
lost,found
arbitrary,nonarbitrary
enterprising,unenterprising
cooperative,uncooperative
animated,unanimated
altruistic,egoistic
efficient,inefficient
hungry,thirsty
backed,backless
formal,informal
true,false
sensitive,insensitive
syllabic,accentual
racial,nonracial
arranged,disarranged
apteral,peripteral
constipated,unconstipated
hot,cold
moonlit,moonless
past,present
credible,incredible
exchangeable,unexchangeable
congenial,uncongenial
signed,unsigned
avenged,unavenged
much,little
gloved,gloveless
clear,unclear
euphemistic,dysphemistic
invasive,confined
fair,unfair
destroyed,preserved
comprehensible,incomprehensible
determinate,indeterminate
intelligible,unintelligible
corporeal,incorporeal
cultivated,uncultivated
protected,unprotected
fragrant,malodorous
interstate,intrastate
surface-to-air,air-to-surface
charged,uncharged
stomatous,astomatous
tearful,tearless
opposable,unopposable
magnetic,antimagnetic
charitable,uncharitable
appropriate,inappropriate
fallible,infallible
ingenuous,disingenuous
stained,unstained
hipped,hipless
enclosed,unenclosed
deciphered,undeciphered
intensive,extensive
perplexed,unperplexed
substantial,insubstantial
rich,poor
terrestrial,amphibious
aggressive,unaggressive
carpeted,uncarpeted
integrative,disintegrative
arbitrable,nonarbitrable
defeasible,indefeasible
restricted,unrestricted
thinkable,unthinkable
conditional,unconditional
paid,unpaid
dehiscent,indehiscent
abstract,concrete
obligated,unobligated
defined,undefined
landed,landless
benign,malignant
uninucleate,multinucleate
wigged,wigless
bowed,plucked
fingered,fingerless
current,noncurrent
loving,unloving
purposeful,purposeless
neurotic,unneurotic
sleeved,sleeveless
abient,adient
intra_vires,ultra_vires
stoppable,unstoppable
parental,filial
servile,unservile
basic,incidental
replaceable,irreplaceable
good,bad
patriotic,unpatriotic
conciliatory,antagonistic
sanitary,unsanitary
acceptable,unacceptable
significant,nonsignificant
tonic,atonic
low-sudsing,high-sudsing
mortal,immortal
monoclinic,triclinic
diadromous,anadromous
theatrical,untheatrical
vernal,summery
oblique,parallel
catalectic,hypercatalectic
wide,narrow
impressive,unimpressive
unthematic,thematic
abstemious,gluttonous
concentrated,distributed
certified,uncertified
functioning,malfunctioning
regulated,unregulated
permissive,unpermissive
delicate,rugged
acute,obtuse
sociable,unsociable
melodious,unmelodious
apropos,malapropos
whole,fractional
crystalline,noncrystalline
constant,inconstant
corrupt,incorrupt
branchiate,abranchiate
headed,unheaded
definite,indefinite
infernal,supernal
coordinating,subordinating
permissible,impermissible
improved,unimproved
reserved,unreserved
soluble,insoluble
licit,illicit
ungulate,unguiculate
centralizing,decentralizing
ethical,unethical
framed,unframed
superjacent,subjacent
honorable,dishonorable
sexual,asexual
changeable,unchangeable
greater,lesser
eukaryotic,prokaryotic
woven,unwoven
a_priori,a_posteriori
assertive,unassertive
faced,faceless
supervised,unsupervised
best,worst
authorized,unauthorized
arboreal,nonarboreal
drained,undrained
stratified,unstratified
endogenic,exogenic
approachable,unapproachable
descriptive,undescriptive
proportionate,disproportionate
legible,illegible
abused,unabused
coherent,incoherent
alphabetic,analphabetic
diabatic,adiabatic
bivalent,multivalent
gutsy,gutless
concealed,unconcealed
flat,contrasty
analyzed,unanalyzed
former,latter
informative,uninformative
submersible,nonsubmersible
intensifying,moderating
tired,rested
laureled,unlaureled
alterable,unalterable
owned,unowned
union,nonunion
womanly,unwomanly
like,unlike
alarming,unalarming
middle-class,upper-class
earned,unearned
homocercal,heterocercal
tied,untied
endomorphic,mesomorphic
full-time,part-time
defiant,compliant
exogamous,autogamous
ectomorphic,endomorphic
oblate,prolate
judgmental,nonjudgmental
radioactive,nonradioactive
historical,ahistorical
accusatorial,inquisitorial
miscible,immiscible
clothed,unclothed
androgynous,male
troubled,untroubled
puncturable,punctureless
heavenly,earthly
literate,illiterate
virtuous,wicked
simple,complex
wooded,unwooded
enlivened,unenlivened
retrograde,anterograde
common,uncommon
spaced,unspaced
systematic,unsystematic
proper,improper
campylotropous,orthotropous
outdoor,indoor
homeopathic,allopathic
migratory,nonmigratory
symmetrical,asymmetrical
bracteate,ebracteate
monophonic,polyphonic
western,eastern
joyful,sorrowful
endothermic,exothermic
long-spurred,short-spurred
material,immaterial
painful,painless
specialized,unspecialized
practical,impractical
free,bound
acidic,alkaline
roofed,roofless
fresh,salty
printable,unprintable
acatalectic,catalectic
derived,underived
mechanical,nonmechanical
mown,unmown
affixed,unaffixed
cauline,radical
quiet,noisy
permanent,impermanent
loamy,loamless
full,empty
smart,stupid
superscript,subscript
bellied,bellyless
operative,inoperative
quiet,unquiet
expendable,unexpendable
able,unable
surgical,nonsurgical
seasoned,unseasoned
oleophilic,oleophobic
exhaustible,inexhaustible
exclusive,inclusive
neutral,positive
catadromous,diadromous
barreled,unbarreled
diversified,undiversified
ripe,green
oral,aboral
continental,intercontinental
classified,unclassified
full-term,premature
liveried,unliveried
effective,ineffective
wearable,unwearable
toxic,nontoxic
tapped,untapped
monoclinous,diclinous
wise,foolish
