adjective1,adjective2
efficient,incompetent
dovish,hawkish
imaginary,real
lateral,bottom
null,valid
wild,realistic
idle,busy
welcome,unwelcome
hot,far
bilateral,unilateral
deciduous,permanent
philosophical,emotional
structured,unstructured
selfish,unselfish
plump,lean
broad,small
unlawful,lawful
secure,vulnerable
fuzzy,hairless
perinatal,prenatal
irreversible,reversible
unbound,bound
equal,mixed
concordant,discordant
humid,dry
unreserved,reserved
antique,new
casual,formal
collective,capitalist
irregular,normal
perpendicular,inclined
incoherent,coherent
open,closed
painful,comfortable
distal,mesial
oriental,occidental
rocky,stable
tiresome,interesting
witting,unwitting
great,small
pastel,dark
quadruple,single
wide,thin
noisy,quiet
dorsal,ventral
wild,mild
female,androgynous
monumental,small
unorganized,organized
distinct,indistinct
clear,guilty
worldwide,national
human,nonhuman
superfluous,necessary
deep,thin
antisubmarine,offensive
erroneous,true
liquid,solid
express,slow
heated,cold
effective,possible
sharp,flat
segregated,integrated
interior,coastal
zygomorphic,actinomorphic
diamagnetic,paramagnetic
strange,native
past,present
precocial,altricial
unique,comparable
viviparous,oviparous
reversible,irreversible
positive,neutral
subordinate,chief
soft,intense
perennial,short
hypotonic,hypertonic
facultative,obligate
holy,unholy
illicit,legal
intangible,tangible
increased,reduced
watery,dry
frosty,hot
inconspicuous,conspicuous
reduced,increased
weak,smart
affluent,poor
prescriptive,descriptive
bent,upright
ambitious,easy
elaborate,simple
speculative,empirical
homegrown,foreign
straight,curved
justified,unjustified
improbable,plausible
bright,dull
extremist,moderate
lateral,medial
fifth,cardinal
desperate,fearful
safe,adventurous
episodic,predictable
conspicuous,inconspicuous
arithmetic,geometric
last,low
flexible,inflexible
inexperienced,experienced
supplemental,primary
orthogonal,parallel
reserved,unreserved
sudden,gradual
vernacular,formal
average,extraordinary
captive,free
thick,slim
spiral,straight
brief,long
paranormal,normal
heterosexual,bisexual
forward,backward
level,uneven
auxiliary,primary
whig,tory
bitter,pleasant
notable,unknown
legendary,real
black,white
stringy,thin
native,foreign
vicious,right
remote,accessible
unscientific,scientific
uptown,downtown
internal,foreign
supernatural,ordinary
metallic,nonmetallic
grey,terminal
chromatic,achromatic
elderly,young
cold,warm
lovely,ugly
dim,light
rustic,urban
perpendicular,oblique
secret,open
unsuccessful,successful
latent,active
ethical,unethical
ready,unwilling
infrasonic,ultrasonic
imaginative,practical
second,first
symmetric,asymmetric
commonplace,unusual
profitable,unprofitable
dreadful,good
dextral,sinistral
psychological,physical
tubular,solid
muddy,clean
hydrous,anhydrous
divisible,indivisible
central,peripheral
pro,anti
narrow,wide
gay,heterosexual
atomic,big
mechanical,atomic
permanent,reversible
marginal,wide
systemic,local
dumb,smart
classified,unclassified
nonmetallic,metallic
paved,unpaved
marginal,central
shameful,honorable
protogynous,protandrous
rural,urban
protective,tough
macroscopic,small
nonpublic,public
dry,humorless
dangerous,safe
top,bottom
early,present
dual,singular
junior,senior
coloured,white
crystalline,amorphous
local,universal
developed,undeveloped
semiarid,wet
unregulated,regulated
distal,proximal
intermittent,constant
limited,infinite
livid,dark
commensurate,incommensurate
newborn,old
polar,equatorial
sick,strong
excessive,insufficient
interdependent,independent
monochromatic,polychromatic
specific,nonspecific
reactive,unreactive
saline,fresh
immediate,distant
harsh,pleasant
ready,unprepared
enormous,small
conversational,formal
ductile,brittle
spacious,small
mechanical,electronic
exotic,native
solid,diversified
persistent,sporadic
inaccurate,accurate
loud,soft
natural,adoptive
experienced,inexperienced
tense,lax
famous,unknown
staminate,pistillate
organic,functional
bigamous,monogamous
preliminary,final
teenage,old
antiquated,new
insectivorous,herbivorous
heavy,shallow
hydrophilic,hydrophobic
mixed,homogenous
adverse,favourable
separate,joint
overweight,thin
alcoholic,nonalcoholic
hypersonic,supersonic
innocent,sophisticated
mineral,organic
horizontal,vertical
solid,broken
excessive,deficient
free,bound
multilingual,monolingual
prosperous,poor
past,future
monosyllabic,polysyllabic
clean,unclean
mischievous,serious
major,minor
real,intangible
defective,normal
right,center
flat,bright
empirical,theoretic
fallible,infallible
talkative,quiet
deep,high
simultaneous,asynchronous
strong,regular
elementary,difficult
retroactive,proactive
fertile,infertile
unfavourable,favourable
singular,familiar
inside,outside
clear,confused
wrong,appropriate
sinistral,dextral
moot,relevant
applicable,irrelevant
antenatal,postnatal
evil,virtuous
willing,unwilling
limited,unlimited
secret,overt
uncertain,reliable
unclear,clear
cyclic,acyclic
boring,interesting
ineligible,legal
wild,civilized
far,left
black,overt
grand,little
parallel,asynchronous
incorrect,accurate
elective,appointive
uninhabited,inhabited
typical,uncharacteristic
treble,low
excessive,moderate
modern,dated
red,uncolored
neutral,negative
ripe,immature
underdeveloped,industrial
wee,big
warm,cool
functional,organic
light,important
extended,small
colloquial,literary
fast,rough
fragile,significant
incongruous,congruous
striped,plain
red,achromatic
smart,stupid
plagal,authentic
ancient,new
flimsy,sturdy
active,uninvolved
suitable,unfit
vast,small
rare,common
intermittent,continual
small,unlimited
subsonic,supersonic
ordinal,cardinal
little,big
tiny,big
junior,old
standby,primary
populated,uninhabited
liberal,right
incompatible,compatible
personal,impersonal
unauthorised,authorised
impressive,unimpressive
neoliberal,conservative
open,inactive
unfavorable,favorable
untimely,timely
maritime,inland
immature,mature
reachable,unreachable
substantive,procedural
chronic,short
inarticulate,articulate
uncoated,coated
new,old
bold,timid
paid,unpaid
informal,official
advanced,retarded
material,immaterial
historical,future
sonic,supersonic
national,local
appropriate,inappropriate
steep,low
literal,figurative
inhuman,human
worthless,valuable
crazy,sane
original,derived
quantitative,syllabic
moral,immoral
separate,attached
procedural,substantive
alternate,opposite
foreign,domestic
immoral,moral
mobile,fixed
official,informal
thermonuclear,conventional
dioecious,monoecious
final,opening
precise,imprecise
dihedral,anhedral
rebellious,loyal
starboard,port
customary,unusual
mediocre,good
unstable,constant
good,nasty
limitless,limited
biological,adoptive
bisexual,homosexual
particular,secondary
extraordinary,regular
incurable,curable
local,national
liberal,conservative
gabled,hipped
sticky,easy
supernatural,natural
large,invisible
prepared,unprepared
friendly,hostile
definite,uncertain
adaptive,maladaptive
extensive,intensive
mathematical,verbal
strong,vulnerable
old,young
viable,impossible
reasonable,unreasonable
hooked,straight
clouded,clear
outdated,current
outside,inside
redundant,necessary
true,false
unrestricted,private
hideous,beautiful
embryonic,late
synthetic,analytical
perennial,annual
outboard,inboard
confused,organized
timid,bold
imaginary,actual
eternal,temporary
physical,immaterial
enforceable,unenforceable
unsized,sized
lenient,strict
grand,poor
joint,separate
voiced,unvoiced
retired,active
odd,even
thin,wide
top,side
minor,adult
bipolar,unipolar
plain,fancy
allopatric,sympatric
denotative,connotative
petite,large
nude,clad
fictitious,real
wide,narrow
sufficient,insufficient
cowardly,brave
unofficial,official
homothallic,heterothallic
dense,thin
covered,uncovered
naughty,good
flexible,sturdy
recreational,professional
universal,specific
nervous,relaxed
old,new
minus,plus
southwestern,eastern
natural,abnormal
decisive,indecisive
qualified,unqualified
polar,hot
divergent,convergent
affected,unaffected
unauthorized,official
preferable,undesirable
distinguishable,indistinguishable
unselfish,selfish
drab,colorful
lifeless,full
extra,scheduled
leftist,right
alto,low
sandy,argillaceous
flimsy,strong
familiar,distant
trustworthy,untrustworthy
professional,amateur
multiple,single
irreducible,reducible
powerless,powerful
conspicuous,obscure
able,incompetent
critical,dispensable
bilateral,asymmetrical
light,fat
incongruent,congruent
outermost,inner
last,initial
loose,firm
much,less
inappropriate,appropriate
mild,strong
blunt,pointed
legal,ineligible
sluggish,active
patriarchal,matriarchal
solid,gaseous
squarish,circular
bicameral,unicameral
close,distant
orthogonal,related
indefinite,certain
localized,systemic
federal,southern
wicked,virtuous
immune,susceptible
able,unfit
lawful,criminal
comfortable,uncomfortable
infantile,old
right,parallel
clear,obscure
thick,tall
indigenous,foreign
general,specific
secondhand,new
real,false
southern,northern
milky,clear
fake,natural
serious,playful
inalienable,alienable
stale,fresh
maximum,minimal
male,feminine
other,same
black,clean
condescending,arrogant
limited,comprehensive
single,widowed
cold,live
white,evil
rainy,dry
leaden,light
cosmic,small
terrestrial,amphibious
formal,unofficial
sickly,healthy
eccentric,concentric
pseudonymous,anonymous
atomic,conventional
intense,mild
nominal,real
conservative,radical
centripetal,centrifugal
sloping,steep
trivial,serious
inclined,vertical
automatic,voluntary
expensive,cheap
broken,smooth
natural,flat
aboriginal,late
slender,thick
clear,gross
next,previous
perinatal,postnatal
solid,clear
unskilled,skilled
big,little
regular,goofy
quiet,active
emotional,intellectual
recessive,dominant
straight,bisexual
massive,small
worthless,good
untitled,noble
incapable,adequate
trivial,significant
sound,unsound
weighted,light
masculine,feminine
squat,high
general,uncommon
insecure,secure
acceptable,bad
tart,sweet
homologous,analogous
underwater,amphibious
glossy,dull
contradictory,supportive
excellent,inferior
concurrent,asynchronous
unconscious,awake
extraordinary,common
eligible,ineligible
rigid,flexible
sweet,salty
microscopic,invisible
unknowable,knowable
silvery,dull
broad,unclear
automatic,manual
everyday,formal
constructive,destructive
real,imaginary
indistinguishable,different
indifferent,superior
mental,mechanical
erect,soft
nervous,calm
furred,hairless
hypothetical,empirical
tired,original
parental,filial
pedunculate,sessile
smooth,difficult
broad,narrow
constructive,neutral
unimpressive,impressive
flat,uneven
sinful,holy
coloured,uncoloured
asymmetric,symmetric
warm,dull
memorable,forgettable
surplus,necessary
far,short
passive,aggressive
swampy,dry
absolute,comparative
effective,inactive
express,local
fanciful,real
outside,inner
finite,infinite
polite,uncivil
modern,classical
poetic,literal
infinitesimal,large
palatal,hard
special,common
high,grave
easy,steep
narrow,broad
warlike,peaceful
flat,natural
harsh,light
diurnal,nocturnal
little,loud
tight,loose
apathetic,interested
premature,late
ephemeral,permanent
hot,inactive
opposite,alternate
pretty,ugly
plausible,implausible
lazy,busy
monoecious,dioecious
big,humble
acceptable,unacceptable
artificial,genuine
live,animated
natural,supernatural
noncompetitive,competitive
false,correct
subordinate,independent
infertile,fertile
paperback,hardback
ancient,recent
authorized,unauthorized
shy,bold
savage,civilized
barbarous,civilized
bulky,small
new,obsolete
lowercase,uppercase
igneous,sedimentary
untruthful,truthful
solid,bad
anticlinal,synclinal
blue,southern
spiritual,corporeal
pro,con
caucasian,black
intercontinental,continental
supportive,unsupportive
separate,connected
long,scarce
nett,gross
homogeneous,heterogeneous
truthful,false
fantastic,realistic
stale,original
dark,white
outside,internal
proximate,distant
imbricate,smooth
hilly,plain
supersonic,subsonic
undesirable,desirable
rough,cut
credible,incredible
inadequate,adequate
brave,timid
virtual,real
uninformed,informed
furthest,near
frequent,uncommon
popular,anonymous
nontraditional,traditional
subacute,chronic
exhaustive,incomplete
speedy,slow
thin,thick
optional,mandatory
salty,fresh
improbable,likely
reluctant,willing
famous,obscure
ideal,concrete
infrared,visible
full,thin
guilty,innocent
big,small
southeast,north
oversize,small
east,west
false,valid
backward,progressive
synclinal,anticlinal
close,loose
ashamed,proud
unmarried,married
consonantal,vocalic
exact,incorrect
competent,incompetent
oblong,short
manned,unmanned
poetic,prosaic
complete,unfinished
passable,impassable
endogamous,exogamous
existential,metaphysical
microscopic,macroscopic
socialistic,capitalistic
improper,proper
democratic,autocratic
polytheistic,monotheistic
northwestern,south
ordinary,special
humble,proud
unsafe,safe
immiscible,miscible
annual,biennial
immense,little
noble,reactive
center,right
benign,malignant
reputable,disreputable
arrogant,humble
slender,wide
wild,safe
incidental,essential
fuzzy,logical
vague,distinct
dissimilar,similar
mental,healthy
plain,attractive
despotic,democratic
instantaneous,slow
surreal,realistic
colored,white
extraordinary,usual
whole,abstract
void,full
rough,polished
adiabatic,diabatic
spongy,hard
crossbred,purebred
feasible,infeasible
mortal,immortal
longitudinal,short
downstream,upstream
square,round
upside,downside
durable,perishable
fantastical,real
innocent,guilty
masochistic,sadistic
light,sufficient
acid,alkaline
varied,uniform
marine,amphibious
extroverted,introverted
solid,liquid
unpopular,popular
sane,insane
undeserving,deserving
foreign,native
nonlinear,linear
clean,hard
hypertonic,hypotonic
monopolistic,competitive
convoluted,simple
static,kinetic
angry,pleased
sessile,pedunculate
dry,drunk
overweight,underweight
exogamous,endogamous
vacant,full
legal,illegal
frigid,hot
medial,lateral
absurd,true
argillaceous,sandy
vague,clear
close,remote
gray,young
absent,present
interim,permanent
pure,applied
remarkable,ordinary
minute,large
little,tall
bad,superior
indistinguishable,distinguishable
synthetic,natural
intrusive,extrusive
center,left
same,different
easy,hard
common,individual
invalid,valid
semicircular,straight
amusing,serious
unable,stiff
cool,warm
clear,opaque
active,dormant
syllabic,quantitative
topical,general
indistinct,distinct
severe,good
collateral,lineal
compressible,incompressible
vernal,autumnal
inferior,standard
thin,fat
chromatic,diatonic
applied,theoretical
unrighteous,righteous
productive,unproductive
out,safe
negative,nonnegative
supplementary,primary
superficial,profound
taboo,profane
oversized,little
endless,short
advanced,middle
incompetent,good
global,national
sedentary,migratory
decrepit,new
pelagic,benthic
disruptive,quiet
hollow,solid
costly,cheap
limited,limitless
single,divorced
super,small
gigantic,little
proximal,distal
inexact,exact
monstrous,small
thin,spirited
single,married
concentric,eccentric
reasonable,arbitrary
external,domestic
public,single
excellent,fair
monounsaturated,saturated
odd,usual
functional,nonfunctional
fat,thin
half,whole
unemployed,employed
temporary,permanent
actual,possible
clear,unclear
singular,multiple
material,moral
insecure,confident
powerful,powerless
negative,neutral
turbid,clear
due,undue
deliberate,unintended
unfashionable,fashionable
singular,ordinary
big,invisible
independent,subordinate
religious,irreligious
false,real
uncontroversial,controversial
pale,red
bad,sound
attached,detached
plebeian,noble
bourgeois,socialist
unusual,usual
local,widespread
profane,holy
alicyclic,aliphatic
interscholastic,intramural
harmless,harmful
frequent,infrequent
senior,young
boreal,southern
northernmost,south
frosted,clear
individual,shared
communal,individual
significant,unimportant
beautiful,ugly
chronic,unusual
skeptical,credulous
light,dark
puffy,small
concentrated,diluted
cylindrical,angular
obese,lean
opaque,transparent
colossal,small
dense,light
proactive,reactive
awful,good
used,new
autumnal,vernal
warm,far
physical,psychological
isolated,connected
worried,easy
proud,ashamed
new,shabby
painless,painful
accentual,syllabic
parallel,oblique
carnivorous,herbivorous
black,diluted
progressive,backward
awkward,comfortable
heterozygous,homozygous
shiny,dull
untrue,correct
marshy,dry
spare,ample
new,worn
initial,final
white,full
chilly,hot
haploid,diploid
correct,incorrect
additive,subtractive
beneficial,unfavourable
specified,unspecified
extant,extinct
lesbian,heterosexual
specific,generic
indirect,direct
snobbish,public
resistant,absorbent
aggregate,single
mean,nice
cloudy,distinct
northeast,south
elastic,inelastic
migratory,resident
canonical,apocryphal
deceased,live
defunct,alive
sensitive,insensitive
fictitious,genuine
asymmetric,symmetrical
unrelated,related
hypotonic,isotonic
identical,fraternal
international,domestic
traditional,untraditional
instrumental,vocal
cheap,generous
natural,sharp
tough,tender
unplanned,planned
fictional,nonfictional
monolingual,multilingual
equal,unequal
statutory,illegal
loose,fast
upper,low
elder,junior
green,neutral
heterodox,orthodox
armoured,unarmoured
reformed,orthodox
unpolished,polished
abundant,rare
selfish,altruistic
pale,dark
unplayable,playable
magical,natural
unhappy,fortunate
tall,low
immortal,mortal
sharp,dull
partial,complete
tight,leaky
individualistic,common
wonderful,ordinary
immaterial,important
frustrated,successful
subtle,tangible
decent,indecent
professional,lay
pendulous,erect
natural,unnatural
occupied,unoccupied
bilingual,monolingual
prosaic,poetic
immutable,mutable
happy,sad
permanent,temporary
covered,bare
unfavourable,good
windy,slow
upright,horizontal
future,present
unsound,sound
small,big
deficient,sufficient
iambic,trochaic
back,front
plastic,elastic
unacceptable,acceptable
utopian,realistic
free,unfree
open,unavailable
granular,fine
digital,analog
democratic,monarchical
amateur,professional
unintelligible,clear
focused,unfocused
constitutional,unconstitutional
competent,inadequate
serious,easy
bad,mild
reliant,independent
advanced,low
fair,extraordinary
virulent,avirulent
asleep,awake
bumpy,smooth
small,old
spectral,natural
uncomfortable,comfortable
voluminous,small
troubled,quiet
tough,good
nearsighted,farsighted
beneficial,disadvantageous
tough,delicate
christian,agnostic
local,express
persistent,deciduous
communal,single
astronomical,small
mature,childish
irreligious,religious
main,dependent
conscious,unaware
superhuman,human
free,occupied
chaotic,organized
middle,early
anal,oral
improbable,probable
strict,tolerant
prepared,unwilling
fine,harsh
armored,unarmored
dead,sensitive
innocent,harmful
inferior,top
painful,good
anhydrous,hydrous
professional,amateurish
agricultural,urban
positive,uncertain
mandatory,optional
messy,neat
unusual,ordinary
endemic,cosmopolitan
intermediate,immediate
certain,uncertain
big,immature
wholesome,unwholesome
fresh,salty
aquatic,terrestrial
rational,physical
inshore,offshore
small,loud
neutral,aligned
opposite,analogous
secondary,primary
unfamiliar,common
adequate,inadequate
achromatic,chromatic
formal,informal
independent,partisan
black,light
honest,dishonest
unfinished,finished
malignant,benign
ventral,dorsal
rapid,slow
opaque,brilliant
psychic,physical
undivided,divided
somatic,mental
noticeable,weak
unlawful,legitimate
serrated,smooth
married,unmarried
normal,abnormal
pathological,healthy
contiguous,distant
rough,refined
bearded,shaven
ill,good
primary,incidental
optimistic,pessimistic
intelligent,naive
subtle,palpable
secondary,major
delicate,tough
elaborate,plain
mature,green
immediate,past
live,recorded
cosmetic,functional
nonprofit,commercial
sweet,dry
poisonous,edible
vertical,inclined
effective,potential
educated,uneducated
true,inaccurate
high,sober
unhealthy,healthy
separable,inseparable
unmanned,manned
supranational,national
undivided,fractional
extraordinary,normal
incommensurate,commensurate
immobile,mobile
surrogate,biological
polychromatic,monochromatic
analytical,synthetic
involved,uninvolved
large,inconspicuous
rainy,clear
deep,close
approximate,exact
benthic,planktonic
authoritarian,democratic
angry,calm
docile,wild
intellectual,physical
superior,inferior
exclusive,inclusive
young,mature
present,future
limited,unrestricted
critical,uncritical
puffy,little
subatomic,large
subordinate,dominant
previous,future
corporeal,mental
intolerant,tolerant
defunct,operative
intrinsic,external
last,first
mixed,segregated
bound,unbound
toxic,nontoxic
repulsive,attractive
opaque,clear
charming,natural
general,particular
irrelevant,relative
comfortable,narrow
cheerful,pessimistic
uncommon,ordinary
amorphous,organic
molar,molecular
socialist,capitalist
mutable,immutable
common,noble
gentle,intense
unholy,holy
insensitive,sensitive
abrupt,smooth
capable,incapable
irregular,perfect
amphoteric,acidic
exclusionary,inclusionary
deciduous,evergreen
novel,old
planetary,national
unavailable,available
ridiculous,serious
old,immature
intransitive,transitive
conceptual,concrete
sexual,nonsexual
constant,variable
prominent,inconspicuous
actual,fictitious
ugly,good
limp,stiff
unicameral,bicameral
unincorporated,organized
mixed,homogeneous
good,bad
heterogeneous,homogeneous
rotten,good
arid,wet
next,last
early,old
stereophonic,monaural
consistent,contradictory
inconsequential,important
lawful,illegal
historic,legendary
ignorant,informed
wooded,treeless
periodic,irregular
proper,inappropriate
unrealistic,realistic
inferior,superior
late,middle
affordable,expensive
former,subsequent
ephemeral,eternal
bodily,mental
onshore,offshore
terrible,ordinary
savage,civilised
direct,indirect
digital,linear
unthinkable,thinkable
reduced,high
light,heavy
archaic,new
subtractive,additive
bad,standard
amusing,sad
anhydrous,hydrated
prenatal,postnatal
general,precise
extraordinary,everyday
telic,atelic
centrist,left
ultrasonic,audible
live,dummy
steady,unstable
young,experienced
corporate,separate
wild,tame
mild,harsh
viable,dead
steep,gradual
similar,different
audible,inaudible
insignificant,important
near,remote
false,true
faithful,unfaithful
ordinary,uncommon
incorrect,grammatical
counterclockwise,clockwise
hard,fresh
edible,inedible
unusual,common
upstream,downstream
brilliant,dull
good,evil
subdued,loud
natural,affected
progressive,regressive
unidimensional,multidimensional
sure,unsure
naive,sophisticated
mild,severe
extensive,small
unused,active
offensive,defensive
female,masculine
extreme,close
hot,bad
previous,subsequent
adjusted,unadjusted
painful,painless
common,refined
subordinate,superior
unskilled,good
impermissible,permissible
hot,cold
political,nonpolitical
exotic,familiar
typical,abnormal
measurable,infinite
undue,due
like,pet
round,thin
unbounded,finite
dead,living
sufficient,deficient
sticky,dry
dark,blond
incorrect,right
transient,permanent
isotropic,anisotropic
ongoing,future
unenforceable,enforceable
uncoloured,coloured
fresh,old
rough,smooth
unimproved,improved
wide,closed
armed,unarmed
eastern,west
inorganic,organic
principal,subordinate
crooked,straight
indifferent,concerned
supreme,subordinate
dismissive,interested
creative,destructive
intentional,unintentional
salty,sweet
composite,simple
acidic,amphoteric
plus,minus
low,refined
happy,unfortunate
common,superior
transitory,permanent
outgoing,incoming
everyday,strange
ultimate,first
big,mild
wrong,outside
last,best
stubby,long
uninvolved,involved
spiritual,bodily
internal,exterior
elusive,easy
resistant,susceptible
extraordinary,ordinary
untraditional,traditional
bored,interested
insignificant,significant
inboard,outboard
subterranean,open
light,thick
connotative,denotative
corporeal,incorporeal
disorderly,orderly
overall,specific
lay,professional
pure,impure
required,optional
volcanic,intrusive
soft,stony
small,large
violent,natural
marked,unmarked
lifelong,short
fancy,plain
descriptive,prescriptive
literal,false
lateral,mesial
double,single
unleaded,leaded
idiographic,nomothetic
spurious,genuine
nude,clothed
untrustworthy,trustworthy
lightweight,important
crude,refined
balanced,unbalanced
atypical,normal
cold,mild
violent,gentle
legitimate,illegitimate
synchronous,asynchronous
flat,erect
annoyed,pleased
frozen,unfrozen
nonessential,essential
palmate,simple
uninterested,interested
alternative,primary
free,enslaved
dictatorial,democratic
tractable,intractable
bankrupt,solvent
cold,original
meaningless,meaningful
autonomic,voluntary
matriarchal,patriarchal
unstable,stable
compressed,thick
octogenarian,young
untalented,talented
significant,insignificant
visionary,practical
determinate,indeterminate
syllabic,accentual
smooth,hard
rough,exact
mammoth,small
unreal,real
angular,straight
soft,resistant
automated,manual
interested,uninvolved
responsible,irresponsible
loose,responsible
last,likely
diploid,haploid
plain,ornate
latter,aforementioned
sure,uncertain
abaxial,adaxial
brackish,sweet
light,demanding
qualitative,quantitative
aerial,real
dolichocephalic,brachycephalic
immense,small
essential,incidental
serrate,smooth
unloaded,loaded
foul,fair
delicate,easy
fleshy,slender
ineffective,effective
youthful,old
kind,cruel
close,generous
unpaid,professional
unfocused,focused
mental,physical
nocturnal,diurnal
vast,narrow
tropical,cold
sacred,profane
inclined,horizontal
offensive,inoffensive
taxable,exempt
refreshing,old
interested,uninterested
compatible,incompatible
mistaken,correct
deductive,inductive
logical,illogical
transferable,inalienable
accurate,incorrect
common,extraordinary
unipolar,bipolar
silent,noisy
noisy,silent
cool,uncool
painful,pleasant
deciduous,persistent
negative,good
illusory,real
impervious,pervious
spiritual,temporal
illiterate,educated
gentle,wild
conscious,unconscious
excited,calm
convenient,inconvenient
streaked,plain
temporary,eternal
standard,irregular
unripe,ripe
external,internal
unhappy,happy
uncooked,cooked
terrestrial,arboreal
viscous,thin
variant,same
profound,superficial
sportive,serious
overt,covert
tricky,easy
voluntary,compulsory
perpendicular,horizontal
standard,nonstandard
antagonistic,synergistic
wavy,straight
worldly,naive
oral,written
resident,migratory
inexpensive,expensive
analog,digital
asexual,sexual
intuitive,deductive
present,past
gradual,abrupt
harsh,fine
wicked,righteous
healthy,unhealthy
diminutive,large
assortative,disassortative
herbivorous,omnivorous
overcast,clear
landlocked,coastal
common,formal
correct,inaccurate
good,distant
black,fortunate
genuine,counterfeit
bright,dark
exceptional,ordinary
round,exact
hazardous,safe
quantitative,qualitative
selfish,selfless
tilted,vertical
bisexual,female
sonic,subsonic
arenaceous,argillaceous
sharp,pleasant
venial,mortal
experienced,green
dead,active
divine,earthly
fraternal,paternal
accessible,inaccessible
flippant,serious
highbrow,lowbrow
sad,joyful
translucent,opaque
grey,young
economic,inefficient
soft,tough
mischievous,harmless
venerable,young
indecent,decent
original,secondary
steady,unsteady
terrible,good
dishonorable,honorable
bright,dim
amorphous,crystalline
longish,short
theoretical,empirical
glad,sad
porous,impermeable
bad,genuine
inductive,deductive
thick,thin
blue,neutral
ineligible,eligible
covert,overt
bare,covered
predictable,unpredictable
practical,theoretical
new,experienced
biennial,perennial
operational,inactive
gigantic,small
cool,awkward
popular,classic
insectivorous,carnivorous
smooth,bumpy
divisional,whole
farthest,close
abundant,scarce
blank,full
related,unrelated
inclined,perpendicular
atomic,large
destructive,creative
unfulfilled,successful
acyclic,cyclic
glacial,hot
uncertain,certain
rainy,sunny
slow,fast
crenulate,smooth
responsive,unresponsive
polished,unpolished
acid,alkali
whole,half
regular,infrequent
mesial,distal
negative,affirmative
undemocratic,democratic
quiet,noisy
adverse,favorable
far,close
slim,big
brittle,flexible
much,few
clockwise,counterclockwise
sour,sweet
infallible,fallible
gentle,steep
unlawful,legal
unattractive,attractive
crude,late
coniferous,deciduous
divergent,parallel
oviparous,viviparous
immature,old
frozen,liquid
unconventional,conventional
fruitful,barren
obligate,facultative
mistaken,right
unrestricted,restricted
patrilineal,matrilineal
rural,suburban
lazy,active
destructive,productive
normative,descriptive
vegetative,sexual
reverse,normal
unfeasible,possible
lean,fat
common,strange
hard,diffuse
happy,unhappy
sinuous,straight
unarmed,armed
disadvantaged,privileged
reluctant,eager
unpleasant,pleasant
diagonal,vertical
unsound,valid
heavy,clear
smallish,large
unique,usual
vulnerable,invulnerable
equatorial,polar
blue,cheerful
lean,rich
moderate,extreme
long,little
fluorescent,dark
herbivorous,insectivorous
upcoming,present
renowned,unknown
monogenetic,polygenetic
ipsilateral,contralateral
catholic,narrow
median,peripheral
nationalistic,international
physiological,mental
wasteful,efficient
traditionalist,liberal
alive,dead
warm,frozen
periodic,aperiodic
plural,singular
positive,negative
specific,overall
moderate,intense
open,protected
identical,distinct
innocent,corrupt
large,tiny
slender,large
inconceivable,conceivable
low,loud
dry,sweet
secondary,dominant
democratic,aristocratic
traditional,unorthodox
mesic,xeric
matrilocal,patrilocal
gross,specific
usual,odd
extended,little
different,similar
wrong,right
solitary,social
cosmopolitan,endemic
proportionate,disproportionate
tedious,interesting
loaded,empty
logical,inconsistent
widespread,specific
rare,thick
articulate,inarticulate
gaseous,liquid
isolated,integrated
specific,universal
playable,unplayable
polite,rude
affectionate,stern
infinite,finite
undersized,large
separate,collective
embryonic,mature
extensive,little
brackish,fresh
uniform,heterogeneous
anti,pro
masculine,neuter
binaural,monaural
civil,uncivil
useless,useful
naive,informed
aperiodic,periodic
relational,absolute
plain,patterned
familiar,strange
premier,last
coastal,inland
passive,active
immediate,slow
inaccessible,available
comprehensive,exclusive
achievable,impossible
maximum,minimum
intrastate,interstate
workable,impossible
impolite,polite
unnecessary,necessary
bloodless,bloody
leaky,tight
inedible,edible
medium,raw
mountainous,small
farsighted,nearsighted
white,colourful
fleshy,bony
commensurable,incommensurable
brutal,humane
northeastern,south
moist,dry
dark,cheerful
original,last
contradictory,compatible
ultimate,proximate
important,unimportant
unwise,wise
unsteady,steady
incompatible,consistent
reclusive,public
safe,unsafe
insane,sane
permeable,impermeable
fried,raw
median,distal
unfamiliar,familiar
sexless,sexual
distinct,same
passive,violent
lyric,dramatic
online,offline
malign,benign
subdued,bright
incompetent,competent
optional,obligatory
manual,automatic
relative,absolute
early,late
single,double
uniform,irregular
costly,inexpensive
explosive,stable
superior,junior
contrary,favourable
cloudy,clear
proactive,passive
wide,accurate
collateral,direct
tangible,intangible
harmful,beneficial
aromatic,aliphatic
comparable,incomparable
northwest,south
premiere,last
comic,tragic
sadistic,masochistic
hypothetical,actual
stout,thin
cooperative,separate
sober,intoxicated
remote,close
hellish,heavenly
unobtainable,available
consistent,heterogeneous
gray,immature
pleasant,unpleasant
normal,paranormal
tame,wild
explicit,implicit
democratic,undemocratic
connected,wireless
xeric,mesic
lengthy,short
orthodox,heretical
contingent,impossible
contemporary,archaic
false,honest
free,exact
simple,compound
unable,strong
cerebral,emotional
elementary,hard
synthetic,analytic
eccentric,conventional
polar,same
monochromatic,colorful
unwholesome,wholesome
little,large
incredible,credible
unknown,known
super,little
available,unavailable
known,unknown
minimal,maximum
outside,indoor
logical,irrational
direct,alternating
individual,common
unlucky,lucky
innocent,criminal
antisocial,social
victorious,unsuccessful
coarse,fine
fugitive,long
official,private
single,multiple
uncertain,sure
muddy,clear
specific,general
individual,general
sorry,good
isotonic,hypotonic
false,constant
unlikely,probable
equipped,unprepared
unsupportive,supportive
clear,thick
inverse,direct
imperfective,perfective
illiquid,liquid
multinational,national
muddy,dry
low,proud
asynchronous,synchronous
painless,hard
outdoor,indoor
secret,unclassified
thermal,cold
black,open
dissimilar,like
surgical,medical
consecutive,nonconsecutive
selective,inclusive
positive,informal
static,changeable
avoidable,unavoidable
brave,weak
clear,cloudy
brachycephalic,dolichocephalic
doable,impossible
popular,classical
unlike,similar
high,fragrant
young,grown
urban,rustic
fresh,tired
fantastic,ordinary
public,individual
informed,uninformed
affirmative,neutral
sham,real
aged,young
tacit,explicit
auspicious,inauspicious
other,familiar
symptomatic,asymptomatic
good,unskilled
indecisive,decisive
stationary,moving
aquatic,amphibious
incomplete,complete
endemic,foreign
manual,mechanical
intact,broken
discrete,integrated
precise,incorrect
thin,significant
penal,legal
pubescent,hairless
counterfeit,genuine
homophonic,polyphonic
juvenile,mature
recent,old
semiaquatic,terrestrial
sane,crazy
roman,oblique
doubtful,certain
volatile,constant
warty,smooth
untrue,true
naive,experienced
enormous,little
ugly,beautiful
subsonic,transonic
aqueous,igneous
different,identical
horrid,good
optional,compulsory
stupid,intelligent
moral,physical
unwitting,witting
coarse,refined
humane,inhumane
unabridged,abridged
deep,narrow
unique,multiple
artificial,natural
ongoing,past
dull,sharp
informative,normative
few,many
transparent,thick
dual,single
vertical,horizontal
thinkable,unthinkable
inaccessible,accessible
general,local
ultrasonic,infrasonic
short,sufficient
fine,thick
obtuse,acute
cancerous,noncancerous
destructive,constructive
inadmissible,admissible
stereo,monaural
usual,strange
natural,processed
moderate,steep
damp,dry
gloomy,light
unusual,commonplace
ovoviviparous,oviparous
treacherous,safe
prescriptive,proscriptive
woolly,hairless
erroneous,right
white,cold
unhelpful,helpful
tremendous,little
regulated,unregulated
great,ordinary
depressed,thick
informative,uninformative
married,single
efficient,inefficient
short,tall
slack,tense
contradictory,consistent
heavy,lean
thin,important
confederate,northern
reddish,neutral
triploid,diploid
shaggy,smooth
dark,active
recent,obsolete
abnormal,normal
postnatal,perinatal
rotten,fresh
geocentric,heliocentric
horizontal,inclined
flamboyant,plain
legitimate,illegal
posterior,anterior
possible,impossible
deserving,undeserving
cardinal,ordinal
dishonest,honest
insufficient,sufficient
unlimited,limited
upper,inferior
troublesome,easy
busy,idle
apolitical,political
minor,major
linear,nonlinear
inflammatory,healthy
worldwide,local
accurate,wrong
unwritten,written
warm,comfortable
bare,full
sacred,secular
carnivorous,omnivorous
good,unfortunate
neuter,masculine
involuntary,voluntary
molecular,molar
spiritual,secular
like,different
shallow,deep
compressed,open
conditional,absolute
civilized,uncivilized
open,restricted
diamagnetic,ferromagnetic
eldest,last
sentimental,tough
vestigial,developed
lipophilic,polar
heterogeneous,homogenous
jumbo,small
like,opposite
alternative,conventional
continuous,discontinuous
uninformative,informative
interstate,intrastate
monogamous,polygamous
chronic,acute
false,right
grey,immature
poor,rich
transient,recurrent
active,extinct
unproductive,productive
vinegary,sweet
ovoviviparous,viviparous
heterotrophic,autotrophic
easy,scarce
eternal,short
singular,dual
compassionate,cold
caudal,anterior
sandy,clayey
excited,unexcited
manual,mental
large,unimportant
transitive,intransitive
informal,formal
skilled,unskilled
single,common
clear,troubled
visual,invisible
remote,likely
posterior,prior
spiritual,material
simple,complex
frontal,posterior
deceased,alive
obscure,conspicuous
subsonic,sonic
petty,important
aberrant,normal
contrary,favorable
soft,bright
second,cardinal
meaningful,meaningless
unpaid,paid
brown,blond
esoteric,exoteric
epidemic,endemic
side,top
straight,corrupt
rough,kind
furious,calm
univocal,equivocal
unwilling,willing
special,secondary
rich,scarce
unused,old
rude,polite
sizable,small
acidic,basic
deviant,normal
problematic,easy
local,global
transonic,supersonic
ornamental,functional
polite,impolite
little,important
crisp,hot
faint,distinct
resilient,fragile
consistent,inconsistent
individual,dependent
corporeal,spiritual
totalitarian,democratic
mediocre,superior
external,intrinsic
net,gross
moral,legal
exculpatory,inculpatory
recent,ancient
transparent,corrupt
slim,large
mature,immature
white,dark
hard,strict
national,foreign
whitish,clear
comfortable,poor
homeless,fortunate
thin,broad
disloyal,loyal
homosexual,bisexual
intelligent,unintelligent
tough,easy
spacious,little
militant,peaceful
great,bad
light,compact
undefeated,winless
whole,fractional
inflectional,derivational
irrational,rational
possible,actual
swift,slow
abstract,concrete
entire,rough
direct,collateral
gross,net
capitalist,socialist
vocalic,consonantal
intact,damaged
black,good
original,commonplace
loud,quiet
serial,synchronous
cut,rough
deflationary,inflationary
oviparous,ovoviviparous
admissible,inadmissible
truncated,long
safe,out
important,insignificant
unconditional,conditional
contingent,certain
pessimistic,optimistic
sextuple,single
inhumane,humane
talkative,silent
intermediate,terminal
leading,following
likeable,unlikeable
capitalistic,socialistic
dirty,nice
fair,unfair
amusing,dull
bilateral,asymmetric
stable,reactive
finished,unfinished
good,unhealthy
disreputable,reputable
nuclear,conventional
incised,simple
faint,strong
improper,regular
nitric,nitrous
synonymous,nonsynonymous
basic,last
voluntary,obligatory
ignoble,noble
fresh,dry
unattainable,possible
lavish,poor
fashionable,unfashionable
unreliable,reliable
inefficient,efficient
fragile,important
beneficial,detrimental
broad,little
incomprehensible,comprehensible
hipped,gabled
parthenogenetic,sexual
anabolic,catabolic
soft,solid
cancerous,benign
giant,little
direct,inverse
heavy,thin
southern,boreal
wise,foolish
unimportant,significant
unhappy,glad
challenging,easy
unsure,sure
anisotropic,isotropic
extra,necessary
old,future
revolutionary,old
severe,mild
tonal,atonal
daily,formal
dubious,certain
scabrous,smooth
incorrect,proper
clayey,sandy
vocal,instrumental
unconstitutional,constitutional
endothermic,exothermic
daytime,nighttime
alkaline,acidic
social,asocial
impractical,practical
muscular,weak
foolish,wise
neutral,subjective
microscopic,large
right,wrong
live,prerecorded
hasty,deliberate
polyploid,diploid
vast,little
dependent,main
heretical,orthodox
large,insignificant
descendant,ascendant
contorted,straight
further,near
reasonable,irrational
open,sealed
precise,inconsistent
living,dead
easy,difficult
nonpolitical,political
grateful,ungrateful
matrilineal,patrilineal
benevolent,malevolent
inflationary,deflationary
systematic,unsystematic
conservative,liberal
same,distinct
collective,separate
hard,good
uncomplicated,complicated
ordinary,unusual
minuscule,large
light,serious
sensitive,resistant
flat,linear
treeless,wooded
practical,impractical
criminal,right
casual,hard
malevolent,benevolent
polluted,pure
inelastic,elastic
scarce,abundant
practical,ideal
soft,difficult
fictional,real
widespread,limited
happy,unwilling
yellow,neutral
lousy,good
terrestrial,aerial
disjunctive,conjunctive
low,high
backward,forward
able,incapable
adequate,insufficient
murky,clear
ethnic,religious
primary,secondary
casual,regular
reciprocal,direct
hard,weak
purebred,crossbred
con,pro
interesting,boring
nasal,low
humble,noble
unbalanced,equal
galactic,small
indefinite,definite
nonprofessional,professional
truthful,untruthful
derogatory,complimentary
superficial,important
unworthy,good
silly,serious
new,late
unorthodox,orthodox
impromptu,prepared
definable,indefinable
enough,deficient
tense,relaxed
impoverished,rich
accustomed,unusual
indifferent,interested
international,national
blunt,sharp
internal,external
plentiful,scarce
outbound,inbound
vulgar,refined
irrelevant,relevant
upstairs,downstairs
unused,used
illiterate,literate
downtown,uptown
immature,ripe
right,left
tiny,large
incoming,outgoing
foggy,clear
exterior,interior
uncritical,critical
exothermic,endothermic
fair,ugly
secret,public
treble,single
windy,calm
arduous,easy
vested,conditional
stocky,tall
incommunicable,communicable
positive,unsure
bad,valid
complete,imperfect
bad,fresh
agreeable,disagreeable
unsuitable,fit
difficult,manageable
angular,rounded
suitable,unsuitable
synchronic,diachronic
temporal,permanent
inactive,active
different,like
verbal,mathematical
discrete,joint
close,inaccurate
binary,single
white,colorful
violent,nonviolent
nominal,maximum
imprecise,precise
creamy,thin
facultative,obligatory
argillaceous,arenaceous
silky,dull
considerable,small
amateurish,professional
weak,powerful
nationalist,international
grand,small
spare,necessary
deep,colorless
vicious,virtuous
extreme,mild
barbaric,civilized
clinical,subjective
indeterminate,determinate
coherent,incoherent
grammatical,ungrammatical
big,soft
heroic,little
verifiable,theoretical
voiceless,voiced
paternal,maternal
symmetrical,asymmetric
unsuitable,good
young,late
monomorphic,polymorphic
dark,blonde
excess,necessary
alive,extinct
severe,minor
multilateral,unilateral
pop,classical
powdery,dark
oval,angular
herbivorous,carnivorous
total,incomplete
unstructured,structured
vernacular,literary
void,valid
stable,unstable
popular,unpopular
unskilled,professional
bald,hairy
visceral,cerebral
perfect,imperfect
unpredictable,predictable
metaphorical,literal
heavy,gradual
inner,external
close,far
infeasible,possible
numerous,few
loyal,disloyal
arched,straight
declarative,interrogative
diatonic,chromatic
inert,active
broad,specific
obligatory,optional
unrefined,refined
analogous,homologous
farthest,near
different,alike
raw,cooked
huge,small
peripheral,central
oblique,direct
pistillate,male
associative,nonassociative
intricate,simple
slender,broad
formal,representational
bent,vertical
thick,mild
enough,insufficient
negative,positive
diminutive,augmentative
imported,native
interior,exterior
confidential,public
urban,rural
relevant,irrelevant
stative,dynamic
fat,lean
inessential,essential
smooth,rocky
liquid,gaseous
particular,general
forthcoming,present
colloquial,formal
bad,harmless
kinky,straight
logical,absurd
global,local
essential,nonessential
toothed,smooth
rich,poor
distinct,unclear
sad,good
marginal,profitable
interesting,uninteresting
commercial,noncommercial
most,least
obsolete,current
static,mobile
eternal,ephemeral
definite,indefinite
official,unofficial
abundant,deficient
bipartite,simple
same,other
maximal,minimal
electrophilic,nucleophilic
marvelous,natural
retrograde,direct
noninvasive,invasive
unintended,intended
curvy,straight
powdered,coarse
flat,vertical
baggy,tight
figurative,literal
middle,late
oversized,small
otherworldly,natural
overseas,domestic
wild,calm
widespread,local
insectivorous,omnivorous
heterothallic,homothallic
rocky,easy
commonplace,original
elfin,natural
copernican,geocentric
nonpartisan,partisan
rugged,easy
independent,dependent
attractive,repulsive
subaltern,senior
incapable,able
solid,heterogeneous
impressed,unimpressed
human,divine
enlarged,small
personal,objective
inland,coastal
stewed,raw
monarchic,democratic
stiff,weak
genuine,false
brilliant,colorless
autocratic,democratic
unilateral,multilateral
transverse,longitudinal
deficient,excessive
congruent,incongruent
emotional,cerebral
complete,incomplete
gradual,steep
intimate,formal
refined,unrefined
polygamous,monogamous
minimum,maximum
warm,arctic
transnational,national
white,integrated
interior,external
heroic,small
predatory,defensive
intentional,accidental
slender,big
convergent,divergent
sad,glad
valid,invalid
rounded,angular
notional,real
favorable,unfavorable
utopian,dystopian
luxurious,poor
erroneous,correct
indefinable,definable
seasoned,inexperienced
downbeat,upbeat
literate,illiterate
mad,sane
low,sufficient
furthest,close
bad,comfortable
wide,small
lowbrow,highbrow
least,most
unfriendly,friendly
worthy,unworthy
directional,omnidirectional
black,legal
illegal,legal
pale,full
accessible,unavailable
hopeful,desperate
vascular,avascular
heavy,empty
appointive,elective
unprepared,prepared
thin,concentrated
closed,open
uneasy,easy
like,dissimilar
complex,simple
topical,systemic
essential,unnecessary
stony,soft
colonial,simple
predictive,reactive
ripe,green
progressive,conservative
selfish,generous
spherical,square
cubic,linear
joyful,sorrowful
sophisticated,naive
unexpected,expected
fluid,solid
geometric,representational
linear,holistic
comparable,different
northerly,south
scaly,smooth
rare,ordinary
massive,light
continental,intercontinental
irrational,reasonable
disconnected,connected
individual,collective
port,starboard
quick,slow
canned,fresh
dusty,original
various,same
acidic,sweet
rich,wholesome
insolvent,solvent
indirect,primary
granular,massive
barren,fertile
amphibious,aquatic
hind,fore
subdued,light
abrupt,gradual
falcate,straight
hairless,hairy
dormant,active
monumental,little
close,coarse
clean,full
geographic,magnetic
dotted,plain
ample,little
nonfictional,fictional
ancient,modern
young,old
brown,blonde
heteronomous,autonomous
cold,close
clever,dull
nonmilitary,military
local,general
compact,loose
close,long
favorable,hostile
vital,dead
actual,apparent
involved,simple
unintelligible,intelligible
minimal,maximal
next,distant
great,little
opaque,translucent
conjunctive,disjunctive
common,unusual
western,east
diagonal,perpendicular
relative,irrelevant
prolonged,short
oblique,perpendicular
unprofitable,profitable
mechanical,electrical
intended,unintended
front,rear
implausible,likely
pinnate,simple
sturdy,delicate
attractive,unattractive
controversial,uncontroversial
degenerative,acute
remote,near
severe,weak
pious,impious
private,public
plutonic,extrusive
good,remote
evergreen,deciduous
contrary,same
deep,little
broad,thin
broken,unbroken
snowy,clear
unvoiced,voiced
astringent,sweet
fearless,afraid
different,usual
sober,drunk
crisp,straight
sedimentary,igneous
easy,uneasy
combative,peaceful
perpetual,temporary
fantastic,familiar
infinite,relative
partisan,nonpartisan
unable,potent
cold,loving
domestic,wild
infrequent,frequent
permanent,transient
conceivable,inconceivable
gradual,sudden
fore,hind
proper,improper
martial,civil
efferent,afferent
virgin,old
new,unoriginal
rostral,caudal
integrated,segregated
hidden,visible
high,inferior
experimental,theoretic
regular,unusual
singular,common
secluded,public
double,small
flat,thick
large,little
anxious,confident
deep,small
sturdy,flexible
massive,hollow
busy,inactive
obscure,clear
universal,particular
cosmopolitan,provincial
compact,tall
homophonic,contrapuntal
monaural,binaural
polyphonic,monophonic
confident,unsure
easterly,west
skillful,unskillful
reliable,unreliable
virtuous,wicked
connected,unconnected
adult,immature
inert,reactive
implausible,plausible
tiny,huge
distant,close
religious,secular
paradigmatic,syntagmatic
light,significant
carnivorous,insectivorous
west,east
wooden,graceful
mean,generous
hot,slow
bad,healthy
knowable,unknowable
worn,new
male,androgynous
nasty,nice
faulty,good
lustrous,dull
humble,skilled
elliptical,angular
shut,open
small,increased
omnidirectional,directional
green,ripe
extinct,active
unconscious,voluntary
elongate,short
secular,sacred
undergraduate,graduate
common,single
precise,wrong
alert,unaware
sinister,good
soft,hard
polar,uncharged
nontoxic,toxic
tyrannical,democratic
icy,hot
uncommon,common
bodily,spiritual
close,unequal
polygynous,monogamous
strong,weak
great,unimportant
obsolete,new
slight,much
unconcerned,concerned
falsifiable,theoretical
unauthorized,authorized
impersonal,personal
secular,regular
pale,strong
rusty,new
native,nonnative
more,less
concrete,abstract
unstressed,stressed
miraculous,natural
immaterial,material
conventional,unconventional
confusing,clear
indivisible,divisible
unpaved,paved
mathematical,questionable
weakened,strong
detached,attached
raw,polished
bald,bearded
antagonistic,positive
hungry,thirsty
sterile,fertile
right,incorrect
doubtful,sure
mechanical,mental
probable,unlikely
generous,stingy
poor,sufficient
unsaturated,saturated
confident,shy
medial,distal
unfair,fair
tender,tough
astronomical,little
northwestern,eastern
intense,dull
defensive,offensive
impermeable,permeable
unsure,certain
accurate,inaccurate
spiritual,sensuous
shabby,new
poor,adequate
disagreeable,agreeable
written,oral
good,faulty
civil,rude
immovable,movable
small,uppercase
sharp,gradual
numerical,qualitative
white,bare
lucky,unlucky
ample,small
open,shut
mesial,lateral
corresponding,different
ambiguous,specific
leeward,windward
unsymmetrical,symmetrical
impure,pure
nonalcoholic,alcoholic
blessed,damned
national,international
fertile,sterile
byzantine,simple
reformist,conservative
next,outgoing
fragmented,united
flat,sharp
slim,fat
parallel,perpendicular
cold,fresh
characteristic,uncharacteristic
secondary,basic
dirty,clean
hairy,bald
invulnerable,vulnerable
keen,bad
true,unfaithful
glabrous,hairy
antitrust,unfair
massive,little
general,diversified
unitary,federal
compassionate,cruel
permanent,provisional
impossible,possible
autonomous,dependent
wrong,accurate
annual,perennial
pop,classic
confident,insecure
augmentative,diminutive
complicated,simple
monstrous,beautiful
dark,good
judicial,illegal
mild,violent
rough,calm
conventional,atomic
slight,significant
experimental,theoretical
deleterious,harmless
federal,local
former,latter
eastern,western
noumenal,phenomenal
dull,loud
untested,old
permissible,impermissible
synergistic,antagonistic
unresponsive,responsive
real,unrealistic
generic,specific
legendary,unknown
intelligible,unintelligible
commercial,superior
mundane,extraordinary
wide,little
scientific,unscientific
coloured,natural
homogenous,heterogeneous
wingless,winged
curly,straight
grey,northern
aggressive,nonaggressive
fractional,whole
plain,decorated
obsolete,recent
awful,nice
gaseous,solid
flawed,perfect
haired,hairless
dependent,independent
grotesque,beautiful
pregnant,nonpregnant
longitudinal,transverse
liquid,illiquid
united,single
blue,clean
individual,joint
high,low
tight,easy
organized,unorganized
unclean,clean
disproportionate,proportionate
huge,little
slow,active
honorable,dishonorable
terminal,intermediate
inclusive,exclusive
military,civilian
ordinary,wonderful
omnivorous,carnivorous
allochthonous,autochthonous
mental,material
little,old
textured,smooth
competitive,socialist
oral,aboral
fraternal,identical
sedentary,active
inevitable,unpredictable
prenatal,perinatal
slow,smart
green,sophisticated
miniature,large
theoretical,applied
useful,harmful
nomadic,settled
unwieldy,practical
public,private
adjacent,far
metaphoric,literal
compound,simple
slow,interesting
heavy,light
offshore,inshore
global,square
inoffensive,offensive
aerobic,anaerobic
invasive,noninvasive
concentrated,dilute
literary,colloquial
unworthy,worthy
certain,unsure
federal,unitary
mathematical,impossible
androgynous,female
painterly,linear
unregistered,registered
atomic,molecular
corrupt,straight
rare,frequent
loose,tight
active,inactive
solid,soft
legitimate,false
respectful,irreverent
personal,mental
uncivil,civil
fleshy,thin
longtime,new
safe,dangerous
white,black
clever,stupid
direct,retrograde
exceptional,common
standard,uncommon
professional,nonprofessional
overactive,underactive
believable,unbelievable
disappointed,successful
straight,wrong
bright,colorless
useful,useless
essential,accidental
future,past
hostile,friendly
unlikely,plausible
lotic,lentic
triple,single
dusky,light
powerless,strong
manageable,difficult
real,unreal
near,distant
conservative,revolutionary
monolithic,small
asymmetrical,symmetrical
unimportant,important
polyphonic,homophonic
interrogative,declarative
written,unwritten
westbound,east
criminal,legal
deep,mild
proximate,ultimate
rear,front
secondary,senior
diverse,homogeneous
superior,subordinate
light,weighty
northeastern,western
androgynous,male
far,near
adjacent,distant
wretched,happy
probable,improbable
unsuitable,suitable
organized,disorganized
late,early
everyday,unusual
strong,powerless
punishable,legal
saturated,unsaturated
pastoral,urban
ultraviolet,visible
helpless,powerful
implicit,comparative
mobile,immobile
contemporary,anachronistic
acute,obtuse
solitary,gregarious
ungrateful,grateful
hairless,haired
unreliable,trustworthy
proactive,retroactive
heavy,loose
costate,smooth
autochthonous,allochthonous
mild,intense
fast,loose
connected,disconnected
anterior,subsequent
able,unable
brown,neutral
counterintuitive,intuitive
neutral,positive
near,natural
ordinary,extraordinary
subnormal,normal
civil,military
sharp,natural
increased,decreased
protandrous,protogynous
mono,stereo
front,back
shady,sunny
identical,other
deep,superficial
medical,operative
inaudible,audible
circuitous,direct
tragic,comic
spiritual,sensual
unintentional,intentional
depressed,elated
windward,leeward
voluntary,involuntary
iridescent,dull
different,same
peaceful,violent
roman,italic
distributive,collective
close,public
alienable,inalienable
dry,wet
domestic,foreign
routine,extraordinary
divergent,same
old,inexperienced
conservative,unconventional
odd,familiar
privileged,underprivileged
macroscopic,microscopic
distinguishable,same
present,absent
neuter,feminine
aboral,oral
empirical,theoretical
decentralized,centralized
fit,unfit
lightweight,heavy
hyperactive,hypoactive
curious,familiar
hot,pleasant
feasible,impossible
unified,divided
proud,humble
simulated,natural
strange,familiar
straight,curly
downside,upside
sure,unreliable
oriental,western
uniform,varied
calm,stormy
circular,square
dead,current
covert,open
implicit,explicit
dominant,subordinate
mythological,real
full,fractional
bitter,tasteless
deficient,abundant
unaffected,affected
beneficial,harmful
violent,mild
barren,fruitful
secular,monastic
ancient,future
strong,mild
outward,inward
robust,weak
uncharacteristic,characteristic
trivial,important
hot,old
proscriptive,prescriptive
aliphatic,alicyclic
first,second
uninteresting,interesting
intensive,extensive
tall,little
marginal,maximum
unbelievable,believable
undamaged,damaged
benign,malign
simple,hard
secular,religious
impure,clean
igneous,aqueous
affirmative,negative
timid,brave
proper,common
terrestrial,aquatic
sizeable,small
extended,short
solvent,insolvent
revolutionary,counterrevolutionary
visible,invisible
tight,open
superficial,significant
unconscious,aware
quadrupedal,bipedal
infectious,noninfectious
unbalanced,balanced
barbarian,civilized
traditional,nontraditional
uppercase,lowercase
obese,thin
lengthy,brief
heterosexual,homosexual
inadequate,sufficient
good,incomplete
monotheistic,polytheistic
recorded,live
silent,audible
tropical,polar
underweight,overweight
ambiguous,unambiguous
conventional,atypical
incorporeal,corporeal
certain,unreliable
brave,cowardly
catabolic,anabolic
civilian,military
left,center
familiar,unfamiliar
ripe,unripe
fast,slow
large,small
inactive,operational
low,superior
loose,compact
intracellular,extracellular
alternate,primary
primitive,late
orderly,disorderly
open,close
childlike,old
multicellular,unicellular
rude,civil
actual,potential
real,abstract
material,spiritual
uncivilized,civilized
vertical,prostrate
northeast,southwest
solid,hollow
empty,full
magnetic,geographic
direct,comparative
congruous,incongruous
inflexible,flexible
acidic,alkaline
jagged,smooth
refined,crude
acute,chronic
commonplace,odd
aliphatic,aromatic
dull,interesting
helpful,unhelpful
defunct,live
perpendicular,parallel
normal,parallel
earthly,heavenly
bulky,little
linear,cubic
friendly,unfriendly
vocal,soft
forbidden,permissible
inbound,outbound
circumstantial,general
centralized,decentralized
omnivorous,herbivorous
male,female
christian,atheist
straight,crooked
migratory,sedentary
indifferent,important
less,superior
outside,likely
brilliant,stupid
infinitesimal,infinite
rectangular,parallel
squat,tall
flat,upright
verbal,numerical
flat,active
innermost,outermost
inconvenient,convenient
unjustified,justified
illustrious,unknown
reflexive,voluntary
competitive,noncompetitive
expected,unexpected
belligerent,peaceful
broke,rich
bogus,genuine
generic,proprietary
specific,unspecified
uncivil,polite
smart,slow
fallacious,valid
satisfactory,bad
south,north
lopsided,straight
filamentous,thick
surrealistic,realistic
anterior,posterior
smooth,rough
weak,stressed
irregular,conventional
primary,derived
packed,loose
illogical,logical
impassable,passable
timid,confident
homosexual,heterosexual
unconnected,connected
overnight,short
gray,terminal
unnatural,natural
lasting,short
feminine,neuter
tangible,abstract
polytonal,atonal
sized,unsized
fearful,fearless
movable,immovable
unstable,easy
intimate,distant
free,existing
initial,last
many,few
stingy,generous
open,covert
prospective,retrospective
actual,false
amphibious,terrestrial
lively,dull
unsecured,secure
wrong,correct
unavoidable,avoidable
ingressive,egressive
decorative,functional
lawful,unlawful
pedestrian,interesting
existential,theoretical
first,cardinal
abstract,representational
loose,official
stative,active
asocial,social
hardback,paperback
virtual,legal
false,genuine
loaded,unloaded
liberal,narrow
mad,wise
sovereign,subordinate
oral,anal
damaged,undamaged
conventional,nuclear
exempt,taxable
serious,frivolous
damned,blessed
regressive,progressive
unsatisfactory,satisfactory
colored,uncolored
brittle,strong
hydrated,anhydrous
iffy,sure
long,sound
actinomorphic,zygomorphic
military,nonmilitary
effective,ineffective
arrogant,condescending
secure,insecure
tender,old
wide,skinny
prewar,postwar
analytic,synthetic
nomothetic,idiographic
restricted,unrestricted
inner,outward
sweet,sour
psychical,physical
first,last
modern,ancient
northbound,south
filial,parental
ambivalent,certain
specific,widespread
likely,unlikely
real,nominal
identical,different
rich,thin
red,uncoloured
individual,mutual
victorian,modern
north,south
medieval,modern
usable,unusable
municipal,foreign
full,incomplete
specific,gross
typical,atypical
off,active
satisfactory,unsatisfactory
subordinate,main
offshore,onshore
fair,foul
unaware,aware
rare,abundant
northern,southern
renewable,exhaustible
surprising,unsurprising
nice,awful
sensitive,unclassified
underlying,explicit
everyday,extraordinary
fearful,good
extreme,moderate
only,inclusive
amicable,hostile
dead,alive
soluble,insoluble
childish,old
nonfinancial,financial
casual,difficult
triangular,rounded
compulsory,optional
casual,heavy
underprivileged,privileged
viviparous,ovoviviparous
light,deep
gargantuan,small
blind,sighted
wise,unwise
special,scheduled
ancient,young
literary,informal
pejorative,complimentary
mean,rich
avirulent,virulent
irresponsible,responsible
lingual,buccal
hairy,bare
giant,small
prostrate,vertical
imperfect,complete
diluted,concentrated
monomeric,polymeric
clear,indistinct
attributive,predicative
valuable,worthless
little,much
upper,side
active,quiet
lentic,lotic
mountainous,little
undergraduate,postgraduate
dull,lively
anaerobic,aerobic
supersonic,sonic
colored,natural
open,enclosed
pluperfect,imperfect
incorrect,correct
big,light
long,short
skinny,loose
violent,peaceful
prostrate,upright
open,fine
full,empty
adaxial,abaxial
regular,irregular
hermaphrodite,female
relative,disproportionate
registered,unregistered
further,close
right,inappropriate
perfective,imperfective
clean,dirty
quiet,loud
impious,pious
hazy,clear
poor,good
bluish,neutral
polyandrous,monogamous
prominent,invisible
gritty,fine
playful,earnest
easy,unavailable
undisputed,controversial
affectionate,sharp
sexual,asexual
reducible,irreducible
spiritual,natural
unspecified,specified
unadjusted,adjusted
naked,clad
irregular,regular
heliocentric,geocentric
pleased,angry
imperfect,perfect
human,superhuman
principal,assistant
wealthy,impoverished
objective,abstract
impartial,biased
noble,plebeian
weak,skilled
integral,fractional
bound,free
dry,productive
native,strange
extrinsic,intrinsic
tall,short
legislative,executive
simple,fancy
common,uncommon
familiar,unusual
righteous,unrighteous
equipped,unequipped
latter,former
diffuse,hard
potential,actual
fantastic,real
unfavorable,good
broken,complete
historic,future
concerned,unconcerned
awake,asleep
gelatinous,thin
strict,lax
intellectual,emotional
multidimensional,unidimensional
realistic,unrealistic
sorrowful,joyful
planned,unplanned
weak,irregular
soft,heavy
internal,outward
light,fatty
dominant,recessive
miserable,happy
supreme,inferior
even,odd
ambiguous,precise
vulnerable,strong
disadvantageous,advantageous
illegitimate,legitimate
monastic,secular
perennial,biennial
pervious,impervious
observational,theoretical
unclassified,classified
modern,old
dead,live
counterrevolutionary,revolutionary
idle,active
specific,broad
opaque,bright
unfit,fit
archaic,late
retrograde,anterograde
cheap,expensive
incapable,capable
ill,well
southeastern,western
intercollegiate,intramural
criminal,innocent
monoclinic,triclinic
desirable,undesirable
innumerate,illiterate
similar,dissimilar
rough,easy
direct,secondary
intelligent,stupid
tough,comfortable
slight,important
wrong,proper
undeveloped,developed
rational,irrational
subterminal,terminal
endogenous,exogenous
dull,bright
prismatic,colorless
harmful,harmless
false,natural
absolute,incomplete
poor,fortunate
correct,wrong
feminine,masculine
lipophilic,hydrophilic
hairy,hairless
analytical,synthetical
westerly,east
unfortunate,fortunate
artificial,organic
idiosyncratic,common
negative,constructive
cold,hot
cooperative,competitive
hard,soft
miscible,immiscible
favourable,unfavourable
nonviolent,violent
quiescent,active
alliterative,unrhymed
catchy,easy
free,paid
profound,mild
insoluble,soluble
rugged,smooth
orthodox,unorthodox
frozen,fresh
widowed,married
atheistic,religious
unprofessional,professional
excellent,bad
soft,fit
impulsive,cautious
dull,saturated
bloody,bloodless
intractable,tractable
familiar,unknown
new,accustomed
nice,nasty
handsome,ugly
sharp,low
active,stative
changeable,unchangeable
unbroken,broken
steep,moderate
inverse,forward
genuine,fake
clumsy,skilled
durable,short
teen,old
out,inner
unambiguous,ambiguous
spiritual,worldly
helical,straight
exact,inexact
evil,good
peculiar,familiar
retail,wholesale
transonic,subsonic
weighty,light
extrusive,intrusive
omnivorous,insectivorous
unmarked,marked
forward,reverse
figured,plain
tolerant,intolerant
altricial,precocial
senior,junior
small,harsh
unethical,ethical
bottom,best
cold,alive
sleepy,awake
lax,tense
unchangeable,changeable
conditional,unconditional
recent,future
spiritual,earthly
postnatal,prenatal
unintelligent,intelligent
dim,bright
valid,expired
clandestine,overt
heavy,lively
residential,nonresidential
diverse,same
gay,strict
phonetic,ideographic
necessary,unnecessary
immediate,ultimate
sinful,righteous
free,fixed
left,right
endemic,epidemic
unconscious,conscious
lineal,collateral
intact,affected
rude,late
illegitimate,legal
drunk,sober
simple,sophisticated
operative,medical
medical,surgical
nonstandard,standard
abrasive,smooth
average,uncommon
gray,northern
official,unconfirmed
oblique,parallel
abstract,whole
subconscious,conscious
wealthy,poor
clear,qualified
impossible,probable
flat,inclined
usual,special
exoteric,esoteric
northern,south
diseased,healthy
green,mature
awkward,easy
physical,supernatural
volatile,nonvolatile
extinct,extant
improved,unimproved
moral,material
fresh,stale
dark,light
mediaeval,modern
nucleophilic,electrophilic
unwelcome,welcome
derivational,inflectional
tired,fresh
yellow,new
material,mental
experiential,theoretical
clean,difficult
calm,nervous
worldly,spiritual
voiced,voiceless
conjunct,disjunct
primitive,civilized
italic,upright
simple,difficult
near,far
denticulate,smooth
adolescent,old
surreal,real
indoor,outdoor
unusual,familiar
bipartisan,partisan
circumpolar,invisible
profane,sacred
postwar,prewar
bisexual,heterosexual
professional,unprofessional
normal,reverse
comparative,absolute
popular,uncommon
galactic,little
mutual,individual
active,passive
insignificant,major
angular,curved
hermaphroditic,female
small,coarse
sighted,blind
aware,unaware
intuitive,counterintuitive
farther,close
essential,inessential
frozen,hot
christian,pagan
weak,robust
thin,full
legal,invalid
atypical,typical
volatile,stable
shy,confident
flexuous,straight
curable,incurable
goofy,regular
religious,profane
long,brief
clean,impure
theoretic,empirical
modern,classic
financial,nonfinancial
important,trivial
unfaithful,faithful
stiff,flexible
authentic,counterfeit
dysfunctional,functional
southwestern,north
retrospective,prospective
cheap,superior
difficult,easy
hydrophobic,hydrophilic
unqualified,qualified
foster,biological
realistic,utopian
original,derivative
controllable,uncontrollable
hostile,amicable
fragmentary,whole
skinny,fat
powerful,weak
uneducated,educated
adjacent,separate
transient,lasting
analogous,opposite
merciful,cruel
sympatric,allopatric
wet,dry
noninfectious,infectious
deep,shallow
hopeless,good
dynamic,stative
southern,north
extramural,intramural
statuesque,short
easy,uncomfortable
aged,new
organic,inorganic
noble,ignoble
good,awful
easy,heavy
stupid,smart
indirect,immediate
linear,digital
simplistic,complex
usual,unusual
rectangular,rounded
waterlogged,dry
hot,cool
academic,applied
disparate,same
separate,integrated
radical,old
double,little
homozygous,heterozygous
intrinsic,extrinsic
diachronic,synchronic
incompressible,compressible
nonresidential,residential
provincial,cosmopolitan
adoptive,biological
aged,fresh
sure,false
invisible,visible
live,dead
tangy,sweet
prefrontal,posterior
plain,decorative
leaded,unleaded
warm,cold
plebeian,patrician
stupid,clever
close,harsh
bottom,top
makeshift,permanent
large,minuscule
inward,outward
actual,imaginary
descriptive,normative
legitimate,invalid
atonal,tonal
human,animal
much,little
flawless,flawed
comprehensible,incomprehensible
biennial,annual
marine,terrestrial
unreasonable,reasonable
heavenly,earthly
unskillful,skillful
sloping,vertical
red,neutral
round,square
mythical,real
confident,timid
less,more
pleased,displeased
funny,familiar
discontinuous,continuous
exogenous,endogenous
illusionary,real
transparent,opaque
separate,adjacent
singular,plural
female,male
social,antisocial
stormy,calm
rich,plain
occasional,regular
monophonic,polyphonic
collective,distributive
gross,nett
noncancerous,cancerous
extraneous,intrinsic
childish,mature
aged,green
logical,invalid
fine,coarse
radical,moderate
fortunate,unfortunate
pickled,fresh
opposite,same
magnetic,nonmagnetic
mechanical,chemical
weak,strong
fake,genuine
latent,actual
inauspicious,auspicious
unlikely,likely
underground,open
unimportant,great
incomparable,comparable
diploid,polyploid
short,long
disjunct,conjunct
ecumenical,sectarian
unable,able
extracellular,intracellular
unoccupied,occupied
centrifugal,centripetal
expensive,inexpensive
pretty,good
bald,haired
equivocal,univocal
early,middle
fresh,dirty
dramatic,lyric
anomalous,normal
natural,artificial
open,private
similar,unlike
soft,loud
glabrous,haired
triclinic,monoclinic
ineffective,strong
systemic,topical
loose,fine
correct,improper
awake,unconscious
distant,near
prostrate,erect
intimate,remote
depressed,high
overall,net
unsure,confident
weird,familiar
firm,soft
basic,acidic
naked,clothed
sensual,mental
metaphysical,empirical
symmetrical,asymmetrical
numerical,verbal
strict,permissive
unidirectional,bidirectional
unseeded,seeded
distressing,good
western,eastern
familiar,remote
playful,serious
northerly,southerly
polyunsaturated,saturated
inhomogeneous,homogeneous
frivolous,serious
strict,lenient
cheerful,sad
successful,unsuccessful
direct,relative
desperate,hopeful
subacid,sweet
plump,thin
terrestrial,epiphytic
static,dynamic
easy,poor
small,superior
yellow,healthy
physical,mental
intramural,extramural
predicative,attributive
hard,easy
economic,unprofitable
absolute,relative
advantageous,disadvantageous
new,ancient
overground,underground
national,private
coated,uncoated
ethical,wrong
rich,lean
ethereal,real
afferent,efferent
square,circular
special,ordinary
alien,native
intuitive,logical
reverse,forward
bad,good
raw,hot
unequal,equal
rocky,smooth
dull,clear
desperate,safe
absurd,logical
stillborn,alive
buoyant,heavy
upbeat,downbeat
celestial,earthly
autotrophic,heterotrophic
talented,untalented
romantic,practical
uninfected,infected
communicable,incommunicable
agrarian,urban
reusable,expendable
tremendous,small
risky,safe
inconsistent,consistent
